610.0,"[(750.0, 4.739287263069735), (4226.0, 4.709771640102652), (6874.0, 4.614596314040063), (527.0, 4.599387640956173), (7361.0, 4.581506121889761)]"
609.0,"[(356.0, 3.763746123573681), (480.0, 3.335602025082771), (292.0, 3.0269832592989143), (208.0, 2.683733287542794)]"
608.0,"[(4226.0, 4.344221937127989), (296.0, 4.213853686798168), (1200.0, 4.089697844023763), (1089.0, 4.049331922105486), (16.0, 4.027937878452413)]"
607.0,"[(1219.0, 4.164008712495046), (1394.0, 4.065809643098477), (920.0, 4.001126158809288), (1270.0, 3.9465083230200215), (1097.0, 3.9095945047860865)]"
606.0,"[(904.0, 4.295927359264386), (930.0, 4.201776673254336), (2160.0, 4.158860384199537), (6874.0, 4.134765913957963), (7371.0, 4.128262637533617)]"
605.0,"[(296.0, 3.9093040914031674), (356.0, 3.886753027074789), (3114.0, 3.732261298693218), (1.0, 3.7126648941407954), (1028.0, 3.671658784949419)]"
604.0,"[(588.0, 3.7960065193633055), (380.0, 3.661401515271522), (22.0, 3.5965034669275076), (220.0, 3.5443190986043747), (316.0, 3.4698644601577855)]"
603.0,"[(912.0, 4.4529024150651), (1208.0, 4.203103524720667), (908.0, 4.193304605468319), (1199.0, 4.0783992336716555), (924.0, 4.067308839235348)]"
602.0,"[(150.0, 3.7321088926833355), (592.0, 3.5045272365695355), (647.0, 3.489090594414358), (440.0, 3.450811167499885), (377.0, 3.422893682050427)]"
601.0,"[(7361.0, 4.6993321213401975), (68954.0, 4.620415347557481), (2028.0, 4.559649027738189), (908.0, 4.544054880001158), (81834.0, 4.513075302898751)]"
600.0,"[(2959.0, 3.888834330626372), (296.0, 3.8888291074424894), (8368.0, 3.635734512733561), (1270.0, 3.5763014500077643), (1235.0, 3.562300436713086)]"
599.0,"[(750.0, 3.880478946552981), (1208.0, 3.821254564208448), (7361.0, 3.8094002016218256), (1222.0, 3.686196815173028), (2028.0, 3.665704229653)]"
598.0,"[(4226.0, 4.011483587100028), (63082.0, 3.405549376983749), (4963.0, 3.3565122675749004)]"
597.0,"[(1136.0, 4.800199667049138), (356.0, 4.794713729858625), (541.0, 4.6206432319235775), (2918.0, 4.598423771586397), (1617.0, 4.578538386662114)]"
596.0,"[(904.0, 4.100813070613252), (79132.0, 3.914469897605662), (6377.0, 3.9100246987695395), (68157.0, 3.8999334762835907), (1270.0, 3.898219323974256)]"
595.0,"[(1199.0, 4.152018756410724), (2336.0, 3.8754543649487316)]"
594.0,"[(150.0, 4.741529581681451), (3793.0, 4.7202350231457215), (2028.0, 4.5949376183224535), (17.0, 4.544263855236564), (1370.0, 4.491427588216731)]"
593.0,"[(1704.0, 3.570630294057533), (1411.0, 3.4882953932948233), (1265.0, 3.4718613108492686), (5989.0, 3.4219875402802455), (3408.0, 3.1991948601108313)]"
592.0,"[(356.0, 4.54177876630499), (589.0, 4.527460037752128), (594.0, 4.213428834892647), (150.0, 4.081780412658321), (333.0, 4.055248426131421)]"
591.0,"[(2706.0, 3.6772423785911923), (2396.0, 3.6472479912482405), (3510.0, 3.4239120675221235), (24.0, 3.4157732836586776), (2490.0, 3.2761156272492715)]"
590.0,"[(904.0, 4.154165206567577), (1252.0, 4.086277504196747), (296.0, 4.069216064521619), (356.0, 4.056447901466083), (1272.0, 4.014083724282323)]"
589.0,"[(590.0, 4.387112723500152), (587.0, 4.17787942362572), (1092.0, 3.8381434893244926), (481.0, 3.7368951411498217), (586.0, 3.648216367629826)]"
588.0,"[(161.0, 3.5855333602467696), (480.0, 3.52777522205436), (300.0, 3.3938604840439783), (592.0, 3.346422859841936), (288.0, 3.1559489604970636)]"
587.0,"[(1193.0, 4.5559193862540655), (3435.0, 4.539920469685755), (3037.0, 4.4769843629508825), (933.0, 4.473509824531858), (838.0, 4.451037945554521)]"
586.0,"[(168252.0, 4.768086016930643), (1291.0, 4.716149856529479), (1270.0, 4.6747364856938685), (2028.0, 4.641086143850468), (6539.0, 4.6393213340719806)]"
585.0,"[(904.0, 4.67120574246083), (2329.0, 4.588252500481919), (296.0, 4.580570010775978), (1222.0, 4.473339170280378), (111.0, 4.347527447997405)]"
584.0,"[(356.0, 4.855887740043785), (589.0, 4.84543453291127), (590.0, 4.669708603344826), (337.0, 4.496134524082905), (339.0, 4.3193764120276)]"
583.0,"[(80549.0, 3.7652361596681923), (7451.0, 3.758301060808136), (6942.0, 3.66545107234961), (96588.0, 3.4704858488831523), (595.0, 3.4497506705046286)]"
582.0,"[(81834.0, 4.21605566205121), (2959.0, 4.188030780067432), (76093.0, 4.187535908539698), (54001.0, 4.166976396222325), (87232.0, 4.093556418553901)]"
581.0,"[(527.0, 4.461028095036049), (7361.0, 4.401206040180477), (6377.0, 4.3944003626047285), (44191.0, 4.104831516844504), (5816.0, 3.9613698820068595)]"
580.0,"[(7361.0, 4.435394937155937), (38061.0, 4.153330138965388), (32587.0, 4.113642472053204), (3535.0, 4.1036077576295895), (1136.0, 4.097269419044432)]"
579.0,"[(527.0, 4.5638186064163975), (110.0, 4.508318362605109), (1.0, 4.441021201630303), (1680.0, 4.254013928270057), (2676.0, 4.186165281494102)]"
578.0,"[(52668.0, 3.8478028988485358), (3155.0, 3.776150341164998), (7395.0, 3.64187190547971)]"
577.0,"[(527.0, 4.218260873944427), (912.0, 4.118894011929183), (923.0, 3.9171867300213457), (1288.0, 3.878379979995262), (3066.0, 3.8112095822516308)]"
576.0,"[(2641.0, 3.1453417071826326)]"
575.0,"[(2599.0, 4.003784086807079), (2572.0, 3.642935470274503), (2500.0, 3.1453728107641283)]"
574.0,"[(588.0, 4.055034780869777), (380.0, 3.7201412076372344), (434.0, 3.3999864302850593), (410.0, 3.3399026246079933)]"
573.0,"[(1089.0, 4.813635810170719), (1278.0, 4.729992749421658), (110.0, 4.71930816590817), (78499.0, 4.690712527280896), (1214.0, 4.681425489881965)]"
572.0,"[(1204.0, 4.65758455841196), (1276.0, 4.640769124683422), (933.0, 4.533871755015349), (2028.0, 4.49616481891101), (1291.0, 4.3505349230576105)]"
571.0,"[(2553.0, 3.4397871616454765), (1355.0, 3.428259609177367), (1992.0, 3.307125277829211), (3018.0, 3.0987662516383696), (2193.0, 3.058870715058097)]"
570.0,"[(2959.0, 4.036352086089616), (4226.0, 3.885295923495737), (923.0, 3.738999431628855), (5989.0, 3.6948531046582884), (3897.0, 3.6820106679292075)]"
569.0,"[(296.0, 4.31008104369981), (329.0, 3.968235416211391), (316.0, 3.796729474966498)]"
568.0,"[(3363.0, 4.199740481622475), (1298.0, 3.7727303012883997), (765.0, 3.073602119567956)]"
567.0,"[(72701.0, 2.8847675436547453), (116797.0, 2.7701245033649924), (68954.0, 2.6238440343249394), (97913.0, 2.568280940910862), (122882.0, 2.549395529692067)]"
566.0,"[(527.0, 4.234317164599043), (588.0, 3.9353814488029206), (25.0, 3.8747746903383278), (597.0, 3.657699926672488), (161.0, 3.6508770732090694)]"
565.0,"[(356.0, 4.222125767962475), (597.0, 3.798917059383116), (34.0, 3.6592224685541677), (377.0, 3.3823833317264573)]"
564.0,"[(1270.0, 3.95906370346251), (88163.0, 3.9326592774300786), (140110.0, 3.8085407167367933), (64969.0, 3.7994915983680695), (58047.0, 3.7736738874460705)]"
563.0,"[(912.0, 4.017354176840998), (112552.0, 3.9094942187233275), (1387.0, 3.8819427363800063), (46578.0, 3.8047108375274137), (106920.0, 3.7328330165620422)]"
562.0,"[(68157.0, 4.443798063334062), (110.0, 4.440739886743326), (3578.0, 4.370084831643645), (79132.0, 4.361052158094392), (33166.0, 4.326774744845494)]"
561.0,"[(1214.0, 3.990190661896475), (1278.0, 3.903655206143058), (33794.0, 3.839610751659439), (6874.0, 3.8095303846859188), (3578.0, 3.8058837857350687)]"
560.0,"[(2858.0, 4.002871964410011), (2329.0, 4.002724588322539), (3578.0, 3.9149064920357666), (4963.0, 3.8111060716591822), (1653.0, 3.7971136648709116)]"
559.0,"[(296.0, 3.941639491861551), (377.0, 3.4242777430566056), (597.0, 3.3913725507321213), (10.0, 3.353798176170486), (524.0, 3.352202369508023)]"
558.0,"[(296.0, 4.465648865081205), (1259.0, 4.129714425866968), (555.0, 3.909359119487025), (3274.0, 3.7128593186606564), (2297.0, 3.6290656868228717)]"
557.0,"[(2028.0, 4.255807258837224), (4306.0, 4.242430631128056), (1485.0, 3.658671823348385)]"
556.0,"[(88125.0, 4.4379939748412145), (69844.0, 4.369344064798705), (6754.0, 4.129321335183705), (162600.0, 3.892635047889142), (74530.0, 3.576323670180088)]"
555.0,"[(1222.0, 4.3846981568945065), (1394.0, 4.339916414723262), (1287.0, 4.2350341206260795), (1225.0, 4.231724684971316), (800.0, 4.209042250007508)]"
554.0,"[(2028.0, 4.33031622146606), (926.0, 4.266553431689011), (914.0, 4.095369133559928), (1487.0, 3.9247882787594968), (1097.0, 3.907715787689236)]"
553.0,"[(2858.0, 4.532333259225914), (55765.0, 4.421429418856577), (27831.0, 4.316961796116499), (3424.0, 4.260651831385683), (3897.0, 4.2399719753850755)]"
552.0,"[(527.0, 4.079146022992515), (1136.0, 4.037886154096138), (4878.0, 3.961070336187923), (541.0, 3.8459172175038976), (1617.0, 3.8197947956043503)]"
551.0,"[(589.0, 4.072254034295008), (115149.0, 4.036501945481531), (112852.0, 4.029853335061161), (5010.0, 3.8942393266119955), (134130.0, 3.891907586547946)]"
550.0,"[(79132.0, 4.41844494293547), (356.0, 4.418303956797822), (60069.0, 4.336118712228593), (109487.0, 4.31634016608699), (88140.0, 3.8933314984414302)]"
549.0,"[(527.0, 4.4506182501738625), (110.0, 4.150527045924353)]"
548.0,"[(1393.0, 4.363072564962065), (122904.0, 4.301073695778338), (74532.0, 3.964617718821174), (1621.0, 3.6633401853715415)]"
547.0,"[(2858.0, 4.64090839972466), (1199.0, 4.610513815801791), (541.0, 4.420749618069912)]"
546.0,"[(158.0, 3.4237373119193713), (3917.0, 3.4108739324309756), (2858.0, 3.3414611533449885), (3408.0, 3.341252189370544), (2529.0, 3.251705179429902)]"
545.0,"[(2671.0, 3.864285648367428), (58293.0, 3.1136114304085964), (3273.0, 3.086007242521507)]"
544.0,"[(736.0, 3.5344063296253125), (95.0, 3.420913331124406)]"
543.0,"[(51255.0, 4.891133370776331), (6377.0, 4.846953210016258), (1036.0, 4.782362241880737), (595.0, 4.765315293494901), (1270.0, 4.659811043589146)]"
542.0,"[(356.0, 4.206755467227394), (296.0, 4.086721771086461), (6377.0, 4.061283943403108), (4886.0, 3.987324428784148), (3949.0, 3.9631122813236628)]"
541.0,"[(474.0, 4.021326693489932), (595.0, 3.8478543430234184), (10.0, 3.6658814972379155), (524.0, 3.5204167637471997), (361.0, 3.3226439515210395)]"
540.0,"[(8874.0, 4.416756804965632), (4886.0, 4.387211359192748), (32587.0, 4.384975308640465), (4239.0, 4.315967327493044), (1681.0, 3.6231954448895514)]"
539.0,"[(4886.0, 4.243258305719548), (4306.0, 4.06686803212619), (6753.0, 3.7137333371379233), (3608.0, 3.282444098608206), (65.0, 2.848154325342691)]"
538.0,"[(3552.0, 4.5232411747967145), (80549.0, 4.37534089647903), (2572.0, 4.331823577570642), (158.0, 3.8213413919968056)]"
537.0,"[(53125.0, 4.523121242092193), (79132.0, 4.503178708091974), (98961.0, 4.458490866455506), (104841.0, 4.136269305075285), (1721.0, 3.9925655353233727)]"
536.0,"[(349.0, 3.5154840399218306), (431.0, 3.4292464441510733), (292.0, 3.4088731352486707), (368.0, 3.2294974358421347), (276.0, 2.6471365487197485)]"
535.0,"[(2447.0, 3.3757738371993016), (2683.0, 3.329929390665106), (2581.0, 2.330683909359712)]"
534.0,"[(1270.0, 4.430685569239914), (1.0, 4.383191755700329), (2028.0, 4.287602091673975), (79132.0, 4.2643794297277005), (93510.0, 4.211278356518935)]"
533.0,"[(68954.0, 4.608596778191206), (6502.0, 4.162698092528315), (52281.0, 3.9828897123156644), (80831.0, 3.835454372246911), (120637.0, 3.694228951098919)]"
532.0,"[(2028.0, 4.383725343872433), (1242.0, 4.36167158567067), (1200.0, 4.3327384526752), (4262.0, 4.05267497369546), (517.0, 3.8284188498957747)]"
531.0,"[(480.0, 3.840986989467833), (5349.0, 3.65103074601278), (4284.0, 3.4087118768169473)]"
530.0,"[(380.0, 3.881870518211631), (377.0, 3.8437796074211454), (329.0, 3.6656052579522207), (586.0, 3.4700922766211493)]"
529.0,"[(648.0, 3.574252905922127), (786.0, 3.1892485001367867), (661.0, 2.8062311066579473)]"
528.0,"[(1291.0, 3.923032354119303), (110.0, 3.918676933530147), (589.0, 3.8224071496895102), (296.0, 3.8086293795911565), (6377.0, 3.6958822447909343)]"
527.0,"[(1028.0, 4.609131581774611), (3114.0, 4.601436990973184), (1282.0, 4.510491227312224), (920.0, 4.43590254633566), (1017.0, 4.288075706950505)]"
526.0,"[(6807.0, 4.307967716112644), (46578.0, 4.289454982835312), (51255.0, 4.169363819818192), (3967.0, 4.037609301642887), (151455.0, 3.7434420174795875)]"
525.0,"[(2959.0, 4.186038226735247), (527.0, 4.0428352814004915), (2997.0, 3.9243616150567413), (1270.0, 3.8454002586998053), (4642.0, 3.828182371146251)]"
524.0,"[(1291.0, 4.097573485544487), (923.0, 3.992028949886741), (1356.0, 3.8721587820121424), (150.0, 3.818080655092135), (161.0, 3.65766298240555)]"
523.0,"[(2959.0, 4.990983412585072), (1704.0, 4.960400032628447), (152081.0, 4.671547306934786), (5444.0, 4.65369259637683), (594.0, 4.441097414989819)]"
522.0,"[(1089.0, 4.259089375246862), (44195.0, 4.208251761467636), (79132.0, 4.158946211375979), (2329.0, 4.143949472571728), (112852.0, 4.132187347659773)]"
521.0,"[(14.0, 3.9657041844668224), (86.0, 3.9483995591254186), (81.0, 3.3987643345338197), (707.0, 3.2334082001131628), (762.0, 2.960369098097771)]"
520.0,"[(1136.0, 4.617748075670124), (68157.0, 4.44630391748163), (60069.0, 4.315789726298489), (589.0, 4.308831333759147), (4886.0, 4.2625325785672725)]"
519.0,"[(2329.0, 4.8722827646230416), (5989.0, 4.533704845671057), (72998.0, 4.332309150115082), (59369.0, 4.231666098295587)]"
518.0,"[(6323.0, 3.519575443255294), (1876.0, 3.148831873509476), (1372.0, 2.7563109064632227)]"
517.0,"[(916.0, 3.122788320804831), (1704.0, 3.0585094207208203), (914.0, 2.9568000865009854), (933.0, 2.909319273032572), (1955.0, 2.821937505096235)]"
516.0,"[(480.0, 4.069760600303141), (4306.0, 3.9943261792313556), (4027.0, 3.8753451581336065)]"
515.0,"[(168252.0, 4.819975079001335), (33794.0, 4.723266954157736), (174055.0, 4.461696046560096)]"
514.0,"[(1089.0, 4.0481985355995675), (1207.0, 4.019212506719058), (296.0, 4.008009853149781), (112852.0, 3.9831600117320787), (2398.0, 3.959698873787602)]"
513.0,"[(6787.0, 4.2201919701280355), (110.0, 4.11989034028036), (1304.0, 4.087452368898289), (4306.0, 4.087107975429887)]"
512.0,"[(337.0, 3.7218986694464746), (300.0, 3.7026049364876417), (150.0, 3.7022939788428992), (151.0, 3.579394705561463), (587.0, 3.4864431660672994)]"
511.0,"[(1653.0, 4.331145601038413), (134130.0, 4.213678109478099), (96737.0, 4.2034449129796245), (122882.0, 4.166194256911999), (107406.0, 3.891727828000406)]"
510.0,"[(3897.0, 3.234279321376498), (1060.0, 3.0275579647451027), (494.0, 2.9506227006889163), (2000.0, 2.9466614604757275), (2395.0, 2.9294419080566505)]"
509.0,"[(2502.0, 3.737432135803429), (6377.0, 3.735746566300887), (112852.0, 3.6777236167157796), (79132.0, 3.6405283202695773), (76093.0, 3.6297202972079017)]"
508.0,"[(1175.0, 3.591466671955687), (2872.0, 3.3914011948379947), (2243.0, 2.5102286792133883)]"
507.0,"[(110.0, 3.819758744511055), (34.0, 3.427083019348816), (316.0, 3.062343525330907)]"
506.0,"[(112852.0, 4.204622365124862), (112556.0, 3.7109170470899606), (54259.0, 3.6690884510076427), (55052.0, 3.6685026832693417), (7444.0, 3.4930389491034997)]"
505.0,"[(4226.0, 4.3942822636828245), (7360.0, 4.318237538353069), (1029.0, 4.0507584262174685), (3461.0, 3.866407811927341)]"
504.0,"[(3897.0, 4.037168261372748), (4306.0, 3.9958157736394075), (4033.0, 3.9667383606578674), (5445.0, 3.8846001507616927), (3911.0, 3.802877274489111)]"
503.0,"[(2959.0, 3.9654549990994035), (1089.0, 3.7670872849754895), (924.0, 3.663125147808454), (2248.0, 3.4121132977661235), (1036.0, 3.404140776293644)]"
502.0,"[(953.0, 4.279877486052959), (3052.0, 3.9429242955072343), (2746.0, 3.7226602827307453), (3101.0, 3.1544131582202515)]"
501.0,"[(16.0, 3.7060279988752267), (662.0, 3.3731875852438344), (628.0, 3.3527869069569025), (736.0, 3.19438830212806), (15.0, 3.1270898525303474)]"
500.0,"[(356.0, 4.14732780907314), (1265.0, 3.979846296050048), (1175.0, 3.866907487649744), (101.0, 3.8410563976243948), (176.0, 3.7053971279406936)]"
499.0,"[(2644.0, 4.067002985404619), (56286.0, 3.6966716653876266), (53519.0, 3.470358293987364)]"
498.0,"[(480.0, 4.1360920083840105), (648.0, 3.962685040022944), (300.0, 3.843321182525134), (153.0, 3.5585302147238678), (208.0, 3.329776860689032)]"
497.0,"[(2959.0, 4.32680741731686), (2858.0, 4.002610537096137), (904.0, 3.986289377028309), (2712.0, 3.8903860005408033), (1704.0, 3.883935814725339)]"
496.0,"[(7151.0, 3.693413021065879), (7757.0, 3.530526820492157), (104841.0, 3.4776581475739965), (114713.0, 3.284465914746323)]"
495.0,"[(223.0, 4.540005740704944), (2997.0, 4.529345795673466), (97304.0, 4.420258683853841), (4262.0, 4.40439649339107), (139385.0, 4.391714119736597)]"
494.0,"[(1214.0, 4.4915131865224724), (316.0, 3.432719746645784)]"
493.0,"[(110.0, 3.800823352001429), (349.0, 3.3376065025818575), (2167.0, 3.296018893134653), (1721.0, 3.282753537159804), (4085.0, 3.2154796166903004)]"
492.0,"[(88.0, 4.067201715394867), (802.0, 4.065500667962989), (662.0, 4.005968852666036), (76.0, 3.986697917486681), (609.0, 3.965751857213407)]"
491.0,"[(40815.0, 4.4122072766595855), (6539.0, 4.284789901025287), (140110.0, 4.251526128866125), (5218.0, 3.979101930324421), (2671.0, 3.977308106900493)]"
490.0,"[(4226.0, 3.6003518938326033), (44191.0, 3.430978897864671), (1246.0, 3.3826442998403072), (81834.0, 3.2940114561143856), (1307.0, 3.1968969269322542)]"
489.0,"[(904.0, 3.98531723649803), (4226.0, 3.939682867202446), (1089.0, 3.88613897391548), (541.0, 3.854833833408858), (908.0, 3.8437109029332444)]"
488.0,"[(475.0, 4.404414883744357), (8368.0, 4.297946923185213), (1136.0, 4.124990943394298), (3451.0, 4.095877032103824), (1269.0, 4.083598871307879)]"
487.0,"[(750.0, 3.583060717202903), (7438.0, 3.3393302779448715), (4027.0, 3.3148080062384575), (56367.0, 3.2364073713348804), (4306.0, 3.036813465400765)]"
486.0,"[(296.0, 4.460927425060856), (150.0, 4.410754126081277), (480.0, 4.24580858443723), (494.0, 3.952065802781759), (464.0, 3.7571116946498564)]"
485.0,"[(150.0, 4.236435128891769), (10.0, 4.096576674978414), (292.0, 3.8673229326411267), (434.0, 3.683136387933187)]"
484.0,"[(2959.0, 4.4099527467080915), (1.0, 4.388645617234504), (923.0, 4.253335192104961), (4239.0, 4.1406976799690485), (69.0, 4.109517844040653)]"
483.0,"[(2959.0, 4.64167191824102), (608.0, 4.394473652422835), (914.0, 4.373639966696082), (1215.0, 4.249738505315405), (68954.0, 4.245188992070161)]"
482.0,"[(8368.0, 4.242481981484103), (1307.0, 4.055952192519344), (648.0, 3.943276979850177), (2640.0, 3.8884427491589735), (2797.0, 3.808350605068992)]"
481.0,"[(1584.0, 3.372740239534195), (1693.0, 3.2672950285843934), (1620.0, 2.936454376305463), (1483.0, 2.7504457502695288)]"
480.0,"[(7361.0, 4.35571738170904), (6874.0, 4.242779124125288), (1225.0, 4.2386359443278785), (3949.0, 4.150595613917329), (1207.0, 4.102540785538616)]"
479.0,"[(1394.0, 3.8357526248878653), (2529.0, 3.6959275379012397), (3526.0, 3.5696440416771074), (2011.0, 3.4768053471101696), (973.0, 3.4754133162458385)]"
478.0,"[(1073.0, 3.4310097210615798), (3114.0, 3.3792270033444223), (266.0, 3.1982524253963334), (104.0, 3.0487811777100244)]"
477.0,"[(1089.0, 4.59525317321056), (7361.0, 4.548918909914754), (750.0, 4.509323259261172), (527.0, 4.462741923955019), (4878.0, 4.4407474937899005)]"
476.0,"[(356.0, 4.350199142141382), (589.0, 4.140912633105941), (1.0, 4.030588171064089), (215.0, 3.995069357470438), (337.0, 3.910861158969028)]"
475.0,"[(1291.0, 4.871609658305888), (8636.0, 4.692680157587893), (88125.0, 4.633666038802495), (139385.0, 4.619555744139525), (81834.0, 4.603045000719755)]"
474.0,"[(1204.0, 4.339123842627011), (2959.0, 4.247774934304663), (7361.0, 4.2271334536221294), (1704.0, 4.212801469159683), (296.0, 4.187956116582486)]"
473.0,"[(7361.0, 4.283400774275654), (48385.0, 3.4582881064510014), (8957.0, 3.1324803865971984), (2485.0, 2.8780528212967016), (1760.0, 2.865610783434869)]"
472.0,"[(1193.0, 4.299658005131966), (2134.0, 3.5375164058067097)]"
471.0,"[(78499.0, 4.008459454365032), (8874.0, 3.867190132330765), (8636.0, 3.8206433895167264), (79702.0, 3.684035689298368)]"
470.0,"[(356.0, 4.420280900942002), (588.0, 3.891915088478326), (225.0, 3.716502876646161), (34.0, 3.679105950997563), (592.0, 3.6453949140595188)]"
469.0,"[(750.0, 4.639508517750993), (1617.0, 4.363414368878439), (1252.0, 4.3476253756033785), (608.0, 4.314558860609369), (1230.0, 4.283712151603663)]"
468.0,"[(296.0, 3.7921141149730055), (165.0, 3.476254680037158), (39.0, 2.95262132012211), (344.0, 2.870590436137706), (432.0, 2.7658899656686478)]"
467.0,"[(1357.0, 2.722351300801693)]"
466.0,"[(3578.0, 4.415638176117439), (63082.0, 4.2440098599833185), (54001.0, 4.200258613535321), (5010.0, 4.141577051471264), (54503.0, 4.126469929369943)]"
465.0,"[(3671.0, 4.631881824354016), (924.0, 4.622597729802592), (3448.0, 4.347818544706039), (1748.0, 4.32044122562861), (1343.0, 4.208478220776102)]"
464.0,"[(110.0, 4.426894862150349), (2959.0, 4.3436453753690785), (79132.0, 4.335588795931202), (60069.0, 4.313095534694768), (541.0, 4.188513389785419)]"
463.0,"[(527.0, 4.246231314813372), (6947.0, 3.822661084031401), (1088.0, 3.5661918590726946), (520.0, 3.0277589757820347)]"
462.0,"[(162.0, 3.813079433485154), (2858.0, 3.717950359949474), (111.0, 3.7013379630225973), (904.0, 3.6992597894105987), (1219.0, 3.69002358646183)]"
461.0,"[(539.0, 3.409907796941466), (3578.0, 3.3566180511923003), (1784.0, 3.0747530764217226), (480.0, 2.928068133471378)]"
460.0,"[(2959.0, 4.5218970478326375), (356.0, 4.4311738056655905), (4886.0, 4.324010336906353), (80549.0, 4.1264143242573486), (1307.0, 4.109081034161701)]"
459.0,"[(6377.0, 4.5480906187736005), (50872.0, 4.422738019767875), (4022.0, 4.305121664105051), (5816.0, 4.116497429440153)]"
458.0,"[(110.0, 4.547954195479798), (590.0, 4.358129275330793), (595.0, 4.239217156745011), (377.0, 4.187419887212976), (195.0, 3.943551038260912)]"
457.0,"[(1356.0, 3.6891622922129916), (2791.0, 3.5113561866625917), (2706.0, 3.3148515782604626), (3798.0, 3.215723191195452), (329.0, 3.1107487100358933)]"
456.0,"[(1073.0, 4.4312456526525255), (832.0, 3.8305618078925945), (104.0, 3.801926575308328), (609.0, 3.760567848648553), (1367.0, 3.6882846745528397)]"
455.0,"[(589.0, 3.8172231420045897), (150.0, 3.7458388682491846), (161.0, 3.6246494387812316), (34.0, 3.6064111438104236), (151.0, 3.5457160721382586)]"
454.0,"[(7361.0, 4.14544979721971), (1089.0, 4.011668411413408), (6874.0, 3.9717919209950363), (4878.0, 3.8751135553213034), (1235.0, 3.799116852479264)]"
453.0,"[(2329.0, 4.587115712276291), (2959.0, 4.49615708479579), (1265.0, 4.490423944167096), (778.0, 4.415062989356713), (2502.0, 4.378970423561774)]"
452.0,"[(1089.0, 4.965285707525228), (2160.0, 4.961073203067496), (2858.0, 4.958995470991874), (4011.0, 4.944717600811041), (1291.0, 4.9262857995453855)]"
451.0,"[(1073.0, 4.343734316460306), (94.0, 4.136063377447732), (474.0, 3.964931867388105), (802.0, 3.6430230644259485)]"
450.0,"[(110.0, 4.355079684681618), (589.0, 4.281389724418247), (70.0, 3.984165441395115), (3409.0, 3.792342362568272), (3510.0, 3.7699456889664282)]"
449.0,"[(4034.0, 3.713456277804748), (2712.0, 3.394012235701143), (1917.0, 3.1905028895721594), (2054.0, 2.429961661380135)]"
448.0,"[(1208.0, 4.1067525256801645), (4226.0, 3.826447903097718), (4878.0, 3.8208336337498467), (6807.0, 3.8120964501375876), (1387.0, 3.7819374895586035)]"
447.0,"[(337.0, 4.173655126927389), (588.0, 3.9378273949944056), (480.0, 3.865814661426855), (368.0, 3.7468098475142577), (2.0, 3.7434411851215077)]"
446.0,"[(17.0, 3.466953281934447), (357.0, 3.4414970903220414), (508.0, 3.4383907585257187), (349.0, 3.3633780209779984), (165.0, 3.238386387030685)]"
445.0,"[(750.0, 4.158921779647149), (356.0, 3.8507317113533848), (64614.0, 3.731801206253192), (4878.0, 3.725737152284265), (4027.0, 3.7146613558132406)]"
444.0,"[(296.0, 4.436759426623967), (555.0, 3.9843888614101353), (595.0, 3.8280200182526434), (380.0, 3.399850847998567), (288.0, 3.241303245066594)]"
443.0,"[(79132.0, 4.590653951333443), (1704.0, 4.527173388960078), (608.0, 4.202011490516235), (2858.0, 4.1510726774323174), (63082.0, 3.990513249787419)]"
442.0,"[(1272.0, 2.310711336053226), (3363.0, 1.846764207216137), (2881.0, 1.7569657522588118)]"
441.0,"[(70286.0, 4.423368696320125), (7438.0, 4.420925308652836), (58998.0, 4.3600847008495265), (87529.0, 4.023302762447692), (5481.0, 3.9494031781085557)]"
440.0,"[(1274.0, 4.297277903291143), (1235.0, 4.238456245920452), (3386.0, 3.937375002216972), (3174.0, 3.875042657713978), (193.0, 3.0440026685559514)]"
439.0,"[(356.0, 4.098090348526103), (1036.0, 3.552191377175708)]"
438.0,"[(589.0, 4.130748273493249), (34405.0, 4.043016877831083), (1265.0, 3.987529339199183), (6377.0, 3.9597587896491024), (1954.0, 3.9402524998282513)]"
437.0,"[(296.0, 4.615092783238132), (1204.0, 4.48558047681491), (1090.0, 4.281966057946169), (1270.0, 4.234588122152937), (1097.0, 3.819595645477209)]"
436.0,"[(356.0, 4.146279993066508), (588.0, 3.7901886133326124), (595.0, 3.779676368803085), (165.0, 3.4930511003964124), (145.0, 3.1845260213918514)]"
435.0,"[(2959.0, 4.806209455519239), (7361.0, 4.703869653351823), (6874.0, 4.5719367095687895), (3578.0, 4.510729293511176), (1676.0, 3.7843207622493167)]"
434.0,"[(8874.0, 4.2850551734840465), (356.0, 4.273533493812557), (1214.0, 4.222242695355649), (111.0, 4.175347151664755), (1270.0, 4.157952277048896)]"
433.0,"[(608.0, 3.7182394318227106), (778.0, 3.6058029289928766), (164179.0, 3.0063644338228057)]"
432.0,"[(356.0, 4.264970124995489), (589.0, 4.152885942516151), (44191.0, 4.044210857472915), (6539.0, 3.926404524870988), (587.0, 3.8560661842413784)]"
431.0,"[(903.0, 3.6488163570179193), (163.0, 3.226180526155715), (158.0, 1.7440349355507117)]"
430.0,"[(6377.0, 4.0460332183941325), (3751.0, 3.7612738786071107), (3793.0, 3.75870828782996), (5445.0, 3.63659858009904), (1680.0, 3.4921256782022945)]"
429.0,"[(595.0, 4.517230718488459), (151.0, 4.21069783428705), (161.0, 4.205831114865102), (289.0, 4.152566861908715), (165.0, 4.118861782111119)]"
428.0,"[(296.0, 3.8542093455172206), (6874.0, 3.5902508090952203), (8874.0, 3.4966033562870398), (6502.0, 3.2033120494384373), (6377.0, 3.165786548670096)]"
427.0,"[(555.0, 3.7034154047070524), (920.0, 3.6873837278284087), (5464.0, 3.6795163766062737), (5445.0, 3.6145506903473716), (5009.0, 3.3236682003029996)]"
426.0,"[(54001.0, 4.0622538604210305), (8368.0, 3.980991814025437), (4886.0, 3.9060278459649016), (5989.0, 3.874089206282899), (40815.0, 3.8735962138021107)]"
425.0,"[(2959.0, 4.188611925047295), (750.0, 4.101937956542055), (2329.0, 4.039295639641057), (2028.0, 4.012345275165157), (356.0, 3.99569777445351)]"
424.0,"[(2959.0, 4.284537172827661), (2329.0, 4.169624892989475), (6874.0, 3.9626099015056795), (1288.0, 3.9211561754964452), (3499.0, 3.8720962566001114)]"
423.0,"[(589.0, 4.149406733503306), (5445.0, 3.748509330847269), (435.0, 2.6170795678229584)]"
422.0,"[(1193.0, 3.897335173857928), (4803.0, 3.7570748918426973), (3037.0, 3.642278581401038), (1265.0, 3.640271284988098), (4022.0, 3.479215201689997)]"
421.0,"[(1207.0, 4.292447848365315), (3949.0, 4.131875848970955), (39183.0, 3.6440465766851093), (4223.0, 3.6195517376745534), (3615.0, 3.297023921158362)]"
420.0,"[(7361.0, 4.1924462574002295), (6874.0, 3.995746292176105), (2186.0, 3.9374135586812624), (4306.0, 3.839068578440283), (5669.0, 3.8207731082704837)]"
419.0,"[(2502.0, 4.069917577627944), (6502.0, 4.066643505310852), (98961.0, 3.9819219311309246), (5010.0, 3.9755434732418067), (1073.0, 3.9571709028173707)]"
418.0,"[(1276.0, 4.27355821276221), (7361.0, 4.138896964973189), (4226.0, 4.071250354422442), (8368.0, 4.030228401344067), (2144.0, 3.769677130396231)]"
417.0,"[(296.0, 4.791133312824635), (1193.0, 4.787116521585407), (2329.0, 4.75702587458593), (1704.0, 4.571926050923201), (3949.0, 4.539987567423961)]"
416.0,"[(1199.0, 3.580508174929738), (6874.0, 3.500083623408316), (247.0, 3.4019828647478683), (4848.0, 3.3982957007900634), (2858.0, 3.3515731923407452)]"
415.0,"[(2959.0, 4.549391222391742), (908.0, 4.4033192026883725), (4226.0, 4.392903618762025), (356.0, 4.378831111084948), (111.0, 4.304466018021019)]"
414.0,"[(912.0, 4.678600071879056), (1136.0, 4.582752768408004), (951.0, 4.581623271496127), (2028.0, 4.564669763530572), (1222.0, 4.558646788994004)]"
413.0,"[(2858.0, 4.798743961762539), (4262.0, 4.749541904638432), (1246.0, 4.671269402904749), (4239.0, 4.585752600736466), (2353.0, 4.490826538957604)]"
412.0,"[(908.0, 4.58871881654878), (904.0, 4.50798325001665), (1219.0, 4.495758295160444), (1269.0, 4.258126255083855), (2076.0, 4.186204557342815)]"
411.0,"[(111.0, 3.984098017616787), (589.0, 3.9023378228645806), (590.0, 3.8558051942479277), (161.0, 3.574677275858443), (349.0, 3.503433107083029)]"
410.0,"[(1207.0, 4.448024815020735), (3671.0, 4.352663558627056), (1228.0, 4.340726949471267), (2858.0, 4.215233640072818), (1235.0, 4.086831052320426)]"
409.0,"[(912.0, 4.498223771461065), (2858.0, 4.40853873489144), (1394.0, 4.395637361372664), (1242.0, 4.368406778370451), (2599.0, 4.318005351649658)]"
408.0,"[(3671.0, 4.532914265650778), (3578.0, 4.504070469239541), (166528.0, 4.421525432104024), (116797.0, 4.3508765719679365), (33794.0, 4.301512017714392)]"
407.0,"[(2959.0, 4.249940110065239), (1291.0, 4.195767033959424)]"
406.0,"[(1282.0, 3.855946768626816), (2694.0, 3.1667762004263813), (2722.0, 3.0767911386990066)]"
405.0,"[(2959.0, 4.448643524232863), (1199.0, 4.293172376550926), (4011.0, 4.28771832456878), (1084.0, 4.198858143162289), (4848.0, 4.189447166700586)]"
404.0,"[(587.0, 3.592911890200261), (17.0, 3.5488104705896224), (597.0, 3.525134277891445), (440.0, 3.4863642289149883), (161.0, 3.482871209862254)]"
403.0,"[(1089.0, 4.379576194703228), (296.0, 4.331594094560218), (61132.0, 3.8780808534844726), (3361.0, 3.8512823019583298), (3107.0, 3.6131368032222095)]"
402.0,"[(480.0, 4.311640918555367), (597.0, 4.243420002889082), (500.0, 4.041433859948112), (145.0, 3.936992850826404), (329.0, 3.876237915213821)]"
401.0,"[(2291.0, 3.722954101318204), (4886.0, 3.7030811428701496), (4306.0, 3.6784148565099826), (5218.0, 3.490460146786047), (162578.0, 3.4868761897927953)]"
400.0,"[(541.0, 4.625675483419441), (608.0, 4.565080997789765), (1270.0, 4.465251363384747), (52722.0, 3.4752587016314975)]"
399.0,"[(33166.0, 4.042920470313145), (33794.0, 3.8145122806919747), (2858.0, 3.7630331925103695), (589.0, 3.6671770985099506)]"
398.0,"[(1207.0, 4.3421247040930995), (1028.0, 4.157705303153721), (3421.0, 3.9826335528585215), (60333.0, 3.703746944309158), (3911.0, 3.4878248535510696)]"
397.0,"[(8042.0, 3.883906119127212), (2371.0, 3.405587744377823)]"
396.0,"[(1.0, 3.5883329194294764), (1674.0, 3.417163458341661), (45.0, 3.0651102315365817), (277.0, 2.7299132342716432)]"
395.0,"[(110.0, 3.755205869793947), (590.0, 3.376098664271318), (368.0, 3.240276174523247), (440.0, 3.2196341792993044), (2.0, 3.060517800640157)]"
394.0,"[(480.0, 3.17888214307072), (592.0, 3.0394807693432284), (208.0, 2.9783790081624626), (339.0, 2.966694847928383)]"
393.0,"[(541.0, 3.9948747313492854), (4226.0, 3.928597440593143), (1214.0, 3.905135144068664), (4011.0, 3.8842581122216058), (110.0, 3.786859307141365)]"
392.0,"[(3298.0, 3.7045907521660677), (4085.0, 3.6400298633485226), (2706.0, 2.89444453793887)]"
391.0,"[(1228.0, 4.4002318642441915), (1090.0, 4.266154058010657), (1193.0, 4.264181985272056), (1617.0, 4.198050952869234), (1282.0, 4.139963544776016)]"
390.0,"[(527.0, 4.231968642475174), (7361.0, 4.155044708121658), (66097.0, 3.858945929283122), (4014.0, 3.819875704371296), (7669.0, 3.6755536075299893)]"
389.0,"[(6.0, 4.393521823795284), (1.0, 4.208431003537106), (1356.0, 4.106814904711905), (9.0, 3.699591772561961)]"
388.0,"[(8869.0, 4.252848159637067), (8360.0, 4.251781531635542), (63239.0, 3.60334416273888), (53121.0, 2.8715063146666795)]"
387.0,"[(1248.0, 4.090294312717231), (1208.0, 4.0484504727552535), (541.0, 3.9655476979093347), (1204.0, 3.8831111566769607), (1653.0, 3.8783618006546767)]"
386.0,"[(608.0, 3.547892332540404), (223.0, 3.319241334414211), (6.0, 3.274209429868299), (25.0, 3.245023553951703), (610.0, 3.1313197844600937)]"
385.0,"[(750.0, 4.151209517844901), (296.0, 4.100912386179972), (1204.0, 4.090328367545025), (356.0, 3.9057724583068434), (589.0, 3.8972414720392954)]"
384.0,"[(2959.0, 4.022685931750576), (1204.0, 3.9141115729300306), (924.0, 3.782317331261049), (2502.0, 3.7246785792031867), (1036.0, 3.4149952145564373)]"
383.0,"[(2539.0, 3.5449691045489775), (2541.0, 3.3313623019175687), (2558.0, 3.1161807533560895)]"
382.0,"[(296.0, 4.865221089227829), (4226.0, 4.572829956972208), (2028.0, 4.51460536715178), (68157.0, 4.4129264505523915), (63082.0, 4.372538011077733)]"
381.0,"[(7361.0, 4.3119782762089285), (1704.0, 4.25372045158823), (8874.0, 4.1486829173258855), (44195.0, 4.1081035164609325), (68954.0, 4.099283841972991)]"
380.0,"[(2028.0, 4.548138489687869), (1291.0, 4.5163908303150055), (1617.0, 4.4944454278460295), (4011.0, 4.436884949814678), (59315.0, 4.422743784300365)]"
379.0,"[(589.0, 3.9973573176130963), (480.0, 3.9214863927563313), (150.0, 3.7313726211716953), (377.0, 3.657392220720838), (597.0, 3.6486865136529856)]"
378.0,"[(2959.0, 4.117745876882232), (68954.0, 4.022130934964386), (79132.0, 3.9214818911844036), (68358.0, 3.87046297124326), (8798.0, 3.846760528445455)]"
377.0,"[(150.0, 4.3411858983508145), (1215.0, 4.338943248965303), (6787.0, 4.329371980694057), (1274.0, 4.302244724514943), (1942.0, 4.265748697905286)]"
376.0,"[(1200.0, 4.4500278459412925), (541.0, 4.360688928868809), (7361.0, 4.353118238189778), (1387.0, 4.333034550644603), (356.0, 4.299072844965759)]"
375.0,"[(356.0, 4.267646079403776), (1411.0, 4.063613506989417), (2046.0, 3.581071286873303), (1438.0, 3.2884229635344226), (2616.0, 3.1135364051900094)]"
374.0,"[(592.0, 3.831484864356936), (480.0, 3.7401125166895706), (1356.0, 3.446183552166194), (316.0, 3.4312012263434664), (153.0, 2.97149450420235)]"
373.0,"[(356.0, 4.019415090730304), (337.0, 3.60537805510121), (590.0, 3.5916573929081803), (357.0, 3.3396713950286863), (163.0, 3.221167874118081)]"
372.0,"[(110.0, 4.009738332681624), (356.0, 4.004016724572527), (1222.0, 3.8722014411708754), (474.0, 3.7880407200696937), (223.0, 3.7844022706560363)]"
371.0,"[(6711.0, 4.772256871117509), (81834.0, 4.578499661440295), (2297.0, 4.379283622794803), (31696.0, 4.144845543086455), (48.0, 3.8118284907329567)]"
370.0,"[(296.0, 3.9659994788720274), (1136.0, 3.918033796307432), (4226.0, 3.877542710411588), (44195.0, 3.8585478873527848), (2502.0, 3.809859448740023)]"
369.0,"[(4226.0, 3.8964545179221584), (1136.0, 3.8747840477229354), (6874.0, 3.847482589559813), (2918.0, 3.627402018827746), (44191.0, 3.576004726406746)]"
368.0,"[(2858.0, 3.768685563977198), (608.0, 3.739827569403378), (1222.0, 3.6856982710630963), (1252.0, 3.618944926112808), (111.0, 3.583582067703268)]"
367.0,"[(356.0, 4.507227961359271), (1219.0, 4.414633342537529), (1278.0, 4.312339458461488), (1287.0, 4.266708084072062), (3916.0, 4.25505000783933)]"
366.0,"[(68157.0, 4.140160457200716), (116797.0, 3.925994932296668), (6942.0, 3.894960106435825), (33794.0, 3.851394697788604), (6537.0, 3.2146785350996554)]"
365.0,"[(356.0, 3.3828790230476677), (3578.0, 3.3378976790928356), (88163.0, 3.172073305812804), (69844.0, 3.107319713857108), (56367.0, 3.103028917592706)]"
364.0,"[(628.0, 4.297170507926745), (9.0, 4.0247018380824136)]"
363.0,"[(168252.0, 4.0401576438407245), (1784.0, 3.559622796027003), (1517.0, 3.0336936602039914)]"
362.0,"[(1089.0, 4.75790997906809), (111.0, 4.544917657351955), (1617.0, 4.538407380591742), (1266.0, 4.514404580557514), (3578.0, 4.4401639392493175)]"
361.0,"[(150.0, 3.49357728699512), (1200.0, 3.479216560593888), (6188.0, 3.327954586146941), (1923.0, 3.324184437515955), (7458.0, 3.2684026243288438)]"
360.0,"[(1639.0, 3.9701352799523804), (1626.0, 3.5006750368337958), (1608.0, 3.3402770112097553), (1438.0, 3.223412014705281)]"
359.0,"[(1704.0, 4.057073503244683), (1225.0, 3.955937553073161), (55247.0, 3.7484573717902716), (4306.0, 3.70646888154684), (1277.0, 3.625222265379841)]"
358.0,"[(69844.0, 3.8293899995033494), (2144.0, 3.6781696995393043), (1721.0, 3.540151266432732), (36525.0, 3.2358760506809015), (7255.0, 3.147395191803535)]"
357.0,"[(2959.0, 4.449116718453781), (1276.0, 4.425682418161836), (68954.0, 4.3748699978673145), (527.0, 4.349108882673473), (8368.0, 4.346567130482542)]"
356.0,"[(912.0, 4.488685607886893), (7361.0, 4.435892361173376), (1222.0, 4.433472766991521), (541.0, 4.388056960293135), (1265.0, 4.295389701040017)]"
355.0,"[(316.0, 3.7623259754575415), (1721.0, 3.668428196674056), (3269.0, 3.2685564812017174)]"
354.0,"[(750.0, 4.328842990326468), (296.0, 4.2450160145680425), (1204.0, 4.228507865792485), (4878.0, 4.039470502046975), (903.0, 4.004950445647691)]"
353.0,"[(6.0, 4.149197370564286), (588.0, 3.8622954324387657), (349.0, 3.811896649276604), (34.0, 3.7733289073770573), (69.0, 3.759765978454171)]"
352.0,"[(2329.0, 4.48775642889176), (1222.0, 4.439162686234405), (924.0, 4.4119934003577175), (99114.0, 4.316276552638197), (60069.0, 4.284547114452609)]"
351.0,"[(2959.0, 4.415353300596991), (1193.0, 4.306964773651936), (57669.0, 4.22370177171685), (356.0, 4.188736251546969), (4878.0, 4.149364841030456)]"
350.0,"[(1.0, 3.738853947558446), (17.0, 3.6696920401941995), (832.0, 3.4739002138735158), (736.0, 3.2369500782766494), (852.0, 3.090882186185711)]"
349.0,"[(296.0, 4.436825297911579), (480.0, 4.041594824063936), (165.0, 3.9542447792385853), (539.0, 3.8845313657305436), (277.0, 3.6703499049006174)]"
348.0,"[(1208.0, 4.913027183204163), (2329.0, 4.900239786723686), (903.0, 4.633926348219705), (915.0, 4.39775788102484), (2505.0, 4.148828919153597)]"
347.0,"[(590.0, 3.7894689595980893), (10.0, 3.6696855875380434), (377.0, 3.5884187265862986), (357.0, 3.465743875615667), (339.0, 3.434588672360287)]"
346.0,"[(912.0, 4.0294743376455795), (1208.0, 3.955233387797729), (527.0, 3.9038023616810875), (923.0, 3.86551110616202), (6711.0, 3.802815310025948)]"
345.0,"[(2858.0, 4.5446397320459315), (7121.0, 4.464272374955109), (3801.0, 4.312105937415573), (4419.0, 4.0425132771313015), (2366.0, 4.04106989501314)]"
344.0,"[(1270.0, 4.576156119774767), (4034.0, 4.539653431602044), (81847.0, 4.075355928828359), (110.0, 3.914695327242619), (5010.0, 3.8543644711282803)]"
343.0,"[(4878.0, 4.356302374083596), (50872.0, 4.184968128782713), (1214.0, 4.134296204823829), (55765.0, 4.055333604934336), (52328.0, 3.926634637002177)]"
342.0,"[(2599.0, 3.563132878256359), (2395.0, 3.2746232449691823), (3617.0, 3.248180829877662), (2723.0, 3.1223962479200438), (3016.0, 3.1064273040998325)]"
341.0,"[(74458.0, 4.1189678848519415), (115149.0, 4.083985328444837), (114662.0, 3.8591622389481275), (3751.0, 3.8099244382663917), (4447.0, 3.7276351382781048)]"
340.0,"[(349.0, 4.317424693141762), (292.0, 4.123271578475347), (288.0, 3.7883683714731755), (153.0, 3.7396587147900058)]"
339.0,"[(296.0, 4.577008493652498), (1242.0, 4.5268466377653), (541.0, 4.355672812376485), (2858.0, 4.333204676591873), (74458.0, 4.308223696116416)]"
338.0,"[(1203.0, 3.5684275770197913), (34405.0, 3.4695682106740606), (5445.0, 3.0718983875756583), (187541.0, 2.8533225989612765)]"
337.0,"[(6.0, 4.5846887113573285), (1.0, 4.564033340582633), (555.0, 4.400227907528997), (31.0, 4.244861105659927), (145.0, 4.205822523414577)]"
336.0,"[(2329.0, 4.708248480970662), (527.0, 4.560731631917699), (110.0, 4.506902412752489), (2858.0, 4.451807945877666), (3114.0, 4.376474241869499)]"
335.0,"[(110.0, 4.300429944515047), (163.0, 3.7657445312202427), (2424.0, 3.1716902866298673), (2302.0, 3.087218236817461)]"
334.0,"[(4226.0, 3.702417476135661), (60069.0, 3.6818890678701215), (76093.0, 3.6014583171764416), (296.0, 3.5821354803912864), (4878.0, 3.5663632694985625)]"
333.0,"[(3578.0, 3.2395531607344834), (1193.0, 3.071201989113394), (3752.0, 2.15698185450543)]"
332.0,"[(912.0, 4.102788042748792), (608.0, 4.046618831399649), (2959.0, 4.043066674345813), (296.0, 4.022726457899331), (1225.0, 4.015163790828145)]"
331.0,"[(57669.0, 4.038661218385654), (51255.0, 3.966689683966778), (54503.0, 3.893993609956749), (164179.0, 3.885352793826045), (30749.0, 3.8821027134253345)]"
330.0,"[(7438.0, 4.289461007562362), (1193.0, 4.231056086820363), (1199.0, 4.135057132689389), (6377.0, 4.10683472561315), (1219.0, 4.103540328178255)]"
329.0,"[(4262.0, 3.3555541442114087), (750.0, 3.1355538962420826)]"
328.0,"[(1136.0, 3.5799817333924757), (527.0, 3.518047412045977), (51255.0, 3.4351751151472865), (914.0, 3.434268353255963), (953.0, 3.3776371247678565)]"
327.0,"[(4226.0, 4.55442987309748), (1923.0, 4.520156386715914), (1288.0, 4.482835852274887), (1304.0, 4.351526262627901), (2805.0, 4.146664081445938)]"
326.0,"[(2329.0, 4.42441691560478), (2959.0, 4.224177071056404), (1193.0, 4.207414906561293), (7361.0, 4.194027972779663), (79132.0, 4.1898069849553945)]"
325.0,"[(1199.0, 4.260207108820334), (1228.0, 4.221030645043939), (1219.0, 4.079605934973142), (1884.0, 3.9647816941639595), (4034.0, 3.873669059307911)]"
324.0,"[(3948.0, 3.0595944798871595), (3979.0, 2.727460499241)]"
323.0,"[(356.0, 3.803728311280709), (112852.0, 3.5383088558809352), (474.0, 3.4598943421073685), (17.0, 3.3397413238781084), (36.0, 3.271915402927048)]"
322.0,"[(356.0, 3.6786131201039955), (1203.0, 3.6055840764953766), (2502.0, 3.5916291205597903), (4027.0, 3.558248705413237), (110.0, 3.456665662177864)]"
321.0,"[(480.0, 3.723870489710544), (595.0, 3.6661815983112955), (587.0, 3.644536354451363), (802.0, 3.5357195088262277), (592.0, 3.5146674661564212)]"
320.0,"[(3578.0, 4.199445044149279), (72998.0, 3.6177684764872406)]"
319.0,"[(356.0, 4.7311192275281515), (2959.0, 4.71785831753751), (152081.0, 4.243243092213635), (6942.0, 4.125215511003296), (136864.0, 3.3158571243885806)]"
318.0,"[(296.0, 4.280779149829374), (1394.0, 4.193120898712303), (2858.0, 4.178931511781898), (6874.0, 4.113777916318829), (4878.0, 4.099598044306859)]"
317.0,"[(2028.0, 4.146456582685766), (1228.0, 4.143822427487997), (79132.0, 4.080375051025208), (778.0, 4.075707490199775), (608.0, 4.068022798272503)]"
316.0,"[(2502.0, 3.537964000181765), (4027.0, 3.450095739865277), (3409.0, 2.8484158449541197), (1485.0, 2.746689892370725), (45.0, 2.6769792309736262)]"
315.0,"[(1204.0, 3.9454713878603496), (902.0, 3.4094192026499504), (2870.0, 2.9730021150519894)]"
314.0,"[(924.0, 3.4545929674337357), (595.0, 3.406791882586082), (474.0, 3.3240385852699226), (17.0, 3.2231241242911595), (553.0, 3.158258458133363)]"
313.0,"[(1214.0, 4.1207614923507165), (2076.0, 4.043535667257445), (1278.0, 3.96162922377033), (1215.0, 3.9109040728587225), (3671.0, 3.8771750050030183)]"
312.0,"[(1204.0, 4.433573374410345), (1090.0, 4.354820332954514), (541.0, 4.338390120429689), (1178.0, 4.331461386114804), (866.0, 4.280816898475462)]"
311.0,"[(2599.0, 2.3547178455397995), (1517.0, 2.322453790899368), (2797.0, 1.9554508767423033)]"
310.0,"[(1204.0, 4.166639635566053), (904.0, 3.999684420580108), (1945.0, 3.967108305082177), (6711.0, 3.6764169645765543), (6708.0, 3.533832907298324)]"
309.0,"[(1207.0, 4.136308113436628), (1219.0, 4.073771814744902), (1204.0, 4.072124451319777), (1283.0, 3.9852729096710817), (906.0, 3.9225311658711712)]"
308.0,"[(54001.0, 3.2180980520028424), (68954.0, 3.1744406138076493), (904.0, 2.9018878860311292), (1246.0, 2.7296340041014986), (79132.0, 2.6211057951867653)]"
307.0,"[(2858.0, 3.9213248146741067), (60069.0, 3.8817658535547404), (51255.0, 3.748646648791775), (608.0, 3.7480956424193046), (2160.0, 3.734178010267521)]"
306.0,"[(109487.0, 3.937242441862309), (112852.0, 3.797743735916029), (115617.0, 3.639813015071875), (4886.0, 3.6356503369162287), (76093.0, 3.6337717608048026)]"
305.0,"[(1276.0, 4.4396212677636875), (2959.0, 4.331151322068331), (2028.0, 4.329522226345907), (1225.0, 4.2841547114503316), (54997.0, 4.266823755175202)]"
304.0,"[(1200.0, 4.3574898119787475), (1136.0, 4.35362394873018), (1214.0, 4.295227617886564), (1028.0, 4.285984076042741), (2502.0, 4.280481666821163)]"
303.0,"[(1246.0, 4.234936782095737), (1129.0, 4.052778588186336), (920.0, 4.035180326528609), (2791.0, 4.024268869585235), (3175.0, 3.9797230909626764)]"
302.0,"[(608.0, 4.544199510592635), (17.0, 4.093678141348257), (14.0, 4.00178286762239), (3.0, 3.2795959614060854)]"
301.0,"[(6711.0, 3.985941564898191), (4011.0, 3.836006118587725), (33166.0, 3.6439907641262734), (4306.0, 3.6111154618957144), (40815.0, 3.532247153127219)]"
300.0,"[(2959.0, 4.607996846563129), (2858.0, 4.512714834442183), (2329.0, 4.437947850797568), (4848.0, 4.089433410771025)]"
299.0,"[(3499.0, 3.7566091112542477), (3300.0, 3.721240826307487), (3623.0, 2.9692011863317456)]"
298.0,"[(110.0, 3.482916400437789), (7361.0, 3.4159456290766967), (1222.0, 3.317552925744415), (57669.0, 3.2693847160327376), (1291.0, 3.2405283789741386)]"
297.0,"[(1343.0, 3.038080060954462), (494.0, 2.618354996549749), (1370.0, 2.52291013838429), (587.0, 2.509916236353646), (165.0, 2.509415812220084)]"
296.0,"[(2959.0, 4.525936902304003), (296.0, 4.328197430769052), (166528.0, 3.4869961602801745)]"
295.0,"[(296.0, 4.522384774905114), (79132.0, 4.362098031892955), (1089.0, 4.347440422805958), (912.0, 4.0368827631788085), (1586.0, 2.6801838880917597)]"
294.0,"[(1276.0, 3.647748209647334), (1291.0, 3.4724210547596117), (1663.0, 3.4200203631437343), (2396.0, 3.415987880826094), (2918.0, 3.3962232446157516)]"
293.0,"[(608.0, 3.326029597715031), (1029.0, 2.770886036014375), (4558.0, 2.4638596612099275), (3646.0, 2.0586593738123735)]"
292.0,"[(1278.0, 4.003439083729882), (79132.0, 3.938008264603049), (914.0, 3.761258828521409), (79702.0, 3.759849588770623), (115149.0, 3.725217907746804)]"
291.0,"[(8368.0, 4.795253490837122), (68954.0, 4.695154263122671), (122904.0, 4.423476489900283), (102125.0, 4.33591610130952), (134853.0, 4.335017870163171)]"
290.0,"[(904.0, 4.65104614213481), (1136.0, 4.630822185945723), (1225.0, 4.602429012537175), (866.0, 4.5554515218070835), (1617.0, 4.534339033639365)]"
289.0,"[(4322.0, 3.446609848810849), (26704.0, 3.420245673287915), (1917.0, 2.9600000121354375)]"
288.0,"[(4226.0, 4.200135068662792), (527.0, 4.09696920565789), (608.0, 4.045047639150918), (1387.0, 4.039945915926887), (4011.0, 3.9901710610712096)]"
287.0,"[(2997.0, 3.160286886393719), (4642.0, 2.9905938286321048), (441.0, 2.987153094974078), (5673.0, 2.9045270399456524), (6331.0, 2.873937832064229)]"
286.0,"[(6377.0, 4.027445174020306), (4848.0, 4.023786325550755), (356.0, 3.978887218305841), (110.0, 3.909992496187118), (4963.0, 3.8845078529046866)]"
285.0,"[(6787.0, 4.094110444185812), (3481.0, 3.8078309345789636), (4447.0, 3.641359175504766), (3262.0, 3.638382181771213), (113207.0, 3.5751924915070554)]"
284.0,"[(216.0, 4.1703508578106), (380.0, 4.145596988738188), (349.0, 4.130502833543463), (235.0, 4.067850171390827), (539.0, 3.9209498491185655)]"
283.0,"[(356.0, 4.034741129167078), (608.0, 3.808014229578106), (500.0, 3.122140839473947), (1541.0, 2.3790156654521453)]"
282.0,"[(356.0, 4.593127744988631), (912.0, 4.47008679804888), (296.0, 4.374893541073628), (1089.0, 4.369144874763777), (589.0, 4.3249442427511635)]"
281.0,"[(8368.0, 3.8612091448164305), (46578.0, 3.765831057529823), (4214.0, 2.733428071430719)]"
280.0,"[(8368.0, 4.307252968668695), (215.0, 4.2377940855703), (56367.0, 4.097690916200073), (8641.0, 4.084492700740233), (4239.0, 4.0395848805785795)]"
279.0,"[(1136.0, 3.942707061250472), (589.0, 3.9385729660691227), (2329.0, 3.9037618993562466), (168252.0, 3.8812944255379898), (541.0, 3.8742986204803733)]"
278.0,"[(4321.0, 3.3274647871309795)]"
277.0,"[(1073.0, 4.178485010259519), (836.0, 3.6608310429554174), (786.0, 3.543134285528292)]"
276.0,"[(1270.0, 4.7630866341954405), (648.0, 4.325971578761331), (2.0, 4.2139594840916015), (88.0, 4.119206620908481), (135.0, 3.9476679697837413)]"
275.0,"[(2959.0, 4.842331569873078), (2858.0, 4.626650695755898), (924.0, 4.619782677391765), (608.0, 4.572512724198799), (4226.0, 4.466796559692088)]"
274.0,"[(68157.0, 4.015422031044195), (1089.0, 4.013688904754786), (56782.0, 4.0070798767127185), (1270.0, 3.961487006875501), (3671.0, 3.9587622510322213)]"
273.0,"[(608.0, 4.342986904536522), (595.0, 3.929556934863945), (224.0, 3.8612091589414153), (21.0, 3.8199055701344298), (500.0, 3.5004213506375335)]"
272.0,"[(44191.0, 3.5532329409822436), (158238.0, 3.323240975580098), (5903.0, 3.281147754544571), (2167.0, 3.0881183999770148)]"
271.0,"[(2858.0, 3.5787187280810207), (1282.0, 3.380782527948451), (2021.0, 3.355871064544723), (3706.0, 3.14179913532958), (6658.0, 3.123704059334035)]"
270.0,"[(17.0, 3.8777218143558696), (14.0, 3.6900896670760677), (628.0, 3.3706997822977267), (786.0, 3.081141952565252), (9.0, 2.780284459522857)]"
269.0,"[(1073.0, 4.025963999006913), (1367.0, 3.5081889379832902), (3.0, 3.3845394338650894), (63.0, 3.3689899155757876)]"
268.0,"[(1252.0, 3.8471334770296894), (2973.0, 3.6334975557042783), (356.0, 3.40946075112536), (1923.0, 3.308208633982678), (1285.0, 3.2912949199359325)]"
267.0,"[(589.0, 4.504040754180798), (541.0, 4.278781933371428), (2841.0, 4.1854762541026025), (2527.0, 4.081864092405829), (3994.0, 3.9959912380022056)]"
266.0,"[(2959.0, 4.476874124674321), (1199.0, 4.330304415093218), (608.0, 4.226350224114122), (778.0, 4.153264964617928), (1265.0, 4.015002494764132)]"
265.0,"[(1084.0, 3.792820183751054), (3471.0, 3.7614337211331295), (1203.0, 3.713718794959714), (1954.0, 3.621659663614089), (36.0, 3.6211515350181513)]"
264.0,"[(1028.0, 3.9274336980184685), (595.0, 3.6828012660109324), (1090.0, 3.621510056954694), (5064.0, 3.542210393206423), (316.0, 3.52920773383526)]"
263.0,"[(1617.0, 4.141899992851216), (4226.0, 4.047359153779378), (4886.0, 4.019508210299407), (223.0, 3.980717457931801), (8366.0, 3.868560344990975)]"
262.0,"[(28.0, 3.3092053377504884), (348.0, 3.2068420699293223), (36.0, 3.1094675745633955), (440.0, 3.0842893746952798), (10.0, 2.9949409912647877)]"
261.0,"[(296.0, 4.389317570479203), (1089.0, 4.204109658295165), (1222.0, 4.199163164274465), (4878.0, 4.127634592597074), (2502.0, 4.116716146841691)]"
260.0,"[(2329.0, 4.147942683350035), (7361.0, 3.97514228299507), (1219.0, 3.9440037532581456), (778.0, 3.9309595651923215), (4437.0, 3.913796086205357)]"
259.0,"[(7361.0, 3.9765160842100253), (4014.0, 3.930984549291688), (5945.0, 3.509360155890583), (368.0, 3.3603776910226726), (786.0, 2.5006017291419655)]"
258.0,"[(76093.0, 4.303526786181144), (66097.0, 3.785163583722243), (122904.0, 3.723911073251246)]"
257.0,"[(2502.0, 3.709490218335143), (2791.0, 3.462148890035292), (7.0, 3.036500726661721)]"
256.0,"[(5989.0, 4.290398822332646), (6874.0, 4.263946630865146), (134130.0, 4.219456631131862), (115713.0, 4.165562912955181), (70286.0, 4.165028077726994)]"
255.0,"[(223.0, 3.4429178951287205), (3671.0, 3.281352419531311), (2102.0, 2.541207483806895), (3392.0, 2.5091849116499128), (1907.0, 2.298996261495243)]"
254.0,"[(2959.0, 4.470851979958966), (2858.0, 4.299059730184658), (4878.0, 4.23177349114006), (4011.0, 4.16773443510584), (1270.0, 4.142880079233201)]"
253.0,"[(714.0, 4.468449357069129), (5791.0, 4.330532445839669), (72998.0, 4.234382513768172), (3536.0, 4.140860710039056)]"
252.0,"[(106696.0, 4.216507782257561), (66097.0, 4.180053267565367), (2321.0, 4.021891711836441), (122896.0, 3.976324299667774), (137857.0, 3.9067889267737295)]"
251.0,"[(78499.0, 4.643142160695086), (1225.0, 4.598104669982898), (1259.0, 4.580496845580229)]"
250.0,"[(1246.0, 4.42740880548701), (3408.0, 4.40444957205962), (1092.0, 3.983307153099026), (1876.0, 3.484086443592152)]"
249.0,"[(7361.0, 4.563108258053254), (4226.0, 4.498209493748174), (60069.0, 4.486811854905969), (4011.0, 4.4519665882804285), (68157.0, 4.435847856398692)]"
248.0,"[(6377.0, 4.016798304767736), (166528.0, 3.9610186152882414), (33794.0, 3.930549947743635), (147374.0, 3.9294748393356658), (4306.0, 3.8230023941464806)]"
247.0,"[(527.0, 3.957319013422614), (78499.0, 3.8961462747078475), (1270.0, 3.8236948677152083), (1.0, 3.8112609642703994), (4226.0, 3.7640730035346674)]"
246.0,"[(2959.0, 4.8156260787231755), (4011.0, 4.7513852000960295), (1884.0, 4.531725970140482), (49272.0, 4.510675811237718), (4886.0, 4.508674443372536)]"
245.0,"[(3114.0, 2.8109575251965966), (3274.0, 2.2248811285084935)]"
244.0,"[(1242.0, 4.5128959426526105), (1288.0, 4.360446967686015), (589.0, 4.208857493637671), (1293.0, 4.1113282687745984), (10.0, 3.951918793924173)]"
243.0,"[(736.0, 4.1538695205824965), (153.0, 3.894868458369211), (173.0, 3.844128626958541), (410.0, 3.7931714320724588), (420.0, 3.5190387758868127)]"
242.0,"[(592.0, 3.488995075278032), (225.0, 3.4160451774496328), (329.0, 3.1464426691248137), (380.0, 3.120609556384291), (434.0, 3.0357021417871937)]"
241.0,"[(112290.0, 4.092894130819045), (40819.0, 4.052080591357419), (296.0, 4.049765383287208), (4878.0, 3.877902995216246), (112556.0, 3.8465602530862344)]"
240.0,"[(1.0, 4.547330960613199), (16.0, 4.3298624098988165), (333.0, 4.280676746305288), (1356.0, 4.233563294995424), (595.0, 4.1276388879861985)]"
239.0,"[(1089.0, 4.4374293436432595), (1208.0, 4.379135564633043), (1222.0, 4.378891659355119), (475.0, 4.375119811373495), (2858.0, 4.360004454138318)]"
238.0,"[(1287.0, 4.000448302792878), (4329.0, 3.601287372922962), (4917.0, 3.514217265528365), (4916.0, 3.514217265528365), (4957.0, 3.4395400381607644)]"
237.0,"[(7371.0, 3.8566891930980556), (7361.0, 3.788553594857525), (44191.0, 3.6569620896563424), (6377.0, 3.50607545171305), (2628.0, 2.879495190454175)]"
236.0,"[(2858.0, 4.462247521224137), (2447.0, 3.901187705774044), (2770.0, 3.568775785689588), (2490.0, 3.461519182766019)]"
235.0,"[(223.0, 3.9916423363680735), (595.0, 3.977781262281126), (590.0, 3.9050035736207747), (594.0, 3.78290796568649), (348.0, 3.749983728067483)]"
234.0,"[(2028.0, 4.215031250752259), (1028.0, 4.116203034735992), (1259.0, 4.09719801559014), (1291.0, 4.085298799477067), (1036.0, 4.029666410634303)]"
233.0,"[(2959.0, 3.768952140816057), (1136.0, 3.745652942281713), (1225.0, 3.7050984653028816), (110.0, 3.635970048921817), (57669.0, 3.612109389019315)]"
232.0,"[(54997.0, 4.081433456120203), (527.0, 4.070793400970828), (50872.0, 4.058850778293125), (3949.0, 4.043760500654822), (33794.0, 4.023898292082213)]"
231.0,"[(527.0, 4.215513239177106), (589.0, 3.960299338891796), (1036.0, 3.828345322364798)]"
230.0,"[(3578.0, 3.3776440055934422), (1200.0, 3.2185867902929544), (33166.0, 3.2096463012402476), (912.0, 3.1565743311468135), (589.0, 3.1488526340047067)]"
229.0,"[(527.0, 4.446655081865415), (356.0, 4.3030228646094315), (508.0, 3.8889420029829616), (34.0, 3.805394225811632), (500.0, 3.7089230285106076)]"
228.0,"[(1214.0, 4.0113537392255685), (3113.0, 3.0258207186121453), (1091.0, 3.01701883240728)]"
227.0,"[(750.0, 4.622419254901233), (7147.0, 4.136652638150323), (59315.0, 4.135115321713865), (17.0, 4.093454285674747), (87232.0, 4.078326745415924)]"
226.0,"[(1204.0, 4.378695837648235), (356.0, 4.18347550968925), (1387.0, 4.1675060636711265), (1207.0, 4.106616942467715), (3552.0, 4.078574490673203)]"
225.0,"[(223.0, 4.0838641388807435), (2248.0, 3.969457527423281), (1923.0, 3.9137751635374673), (2174.0, 3.8481155582132023), (3253.0, 3.801659558093429)]"
224.0,"[(527.0, 4.955132766849101), (1259.0, 4.67610526440199), (2791.0, 4.612920919288273), (1393.0, 4.477502463363119), (2028.0, 4.439055676112477)]"
223.0,"[(6377.0, 3.5705112026371397), (8368.0, 3.3509723496095933), (595.0, 3.3252478622780646), (1566.0, 3.255353698279231), (1.0, 3.217006211297211)]"
222.0,"[(296.0, 3.7367385037371843), (6377.0, 3.7067479591050834), (1225.0, 3.6964745293137518), (4262.0, 3.6419668393365643), (7438.0, 3.5990459622600466)]"
221.0,"[(1089.0, 4.596027972191284), (1252.0, 4.586820894603871), (527.0, 4.538611059288305), (608.0, 4.501545263564331), (951.0, 4.494135225370607)]"
220.0,"[(912.0, 4.792014090269009), (1270.0, 4.690082067362212), (4011.0, 4.540161622612085), (2028.0, 4.525483370241831), (1089.0, 4.433804904167238)]"
219.0,"[(2959.0, 4.174433699084316), (4226.0, 4.070875783612805), (2028.0, 3.923044603795908), (3030.0, 3.910604212481254), (541.0, 3.9019697886663787)]"
218.0,"[(1673.0, 3.9505141835006734), (1090.0, 3.8695278941886726), (2502.0, 3.790738026148011)]"
217.0,"[(1387.0, 3.383791225542714), (3114.0, 3.294403072544991), (6.0, 3.2835637325508067), (1265.0, 3.2817771375102707), (1259.0, 3.266149100204599)]"
216.0,"[(3671.0, 4.043487964416084), (1230.0, 4.0008337773108265), (930.0, 3.976480800308712), (1265.0, 3.952745505867048), (3578.0, 3.886777812773693)]"
215.0,"[(2248.0, 4.127437438838228), (1291.0, 4.102378185435841), (778.0, 4.078405893620215), (1246.0, 4.0541551813196754), (223.0, 3.957152016152324)]"
214.0,"[(1356.0, 3.2242860458470988), (104.0, 2.8345230165332875), (743.0, 2.3144301776002063)]"
213.0,"[(912.0, 4.505147120792052), (908.0, 4.2996491975013775), (1214.0, 4.131330504813805), (69757.0, 4.1298724671758595), (48304.0, 3.927670644134249)]"
212.0,"[(750.0, 4.040477587706419), (68954.0, 3.880025672090657), (1291.0, 3.874831488507592), (2959.0, 3.873539770258549), (109487.0, 3.8343677657078366)]"
211.0,"[(2959.0, 4.299899397044516), (1222.0, 4.264902601781249), (356.0, 4.25416084991105), (4011.0, 4.2425186295959), (1704.0, 4.206489655923895)]"
210.0,"[(296.0, 4.708875595384431), (78499.0, 4.541110500090285), (88125.0, 4.427956525578359), (6539.0, 4.370125276655696), (116797.0, 4.359104162714337)]"
209.0,"[(3578.0, 4.438587604959948), (71535.0, 4.415597713972643), (96079.0, 4.307622376752138), (140956.0, 3.969225480085206), (2628.0, 3.63254765994687)]"
208.0,"[(380.0, 3.435833697499518), (2881.0, 3.0605787193645195), (2699.0, 3.043056977983264)]"
207.0,"[(1283.0, 4.217769888611741), (2991.0, 3.1668624008049613), (1556.0, 1.5966863902452366)]"
206.0,"[(608.0, 4.634729784307969), (36.0, 4.390246300069824), (7.0, 3.468484294463343)]"
205.0,"[(99114.0, 4.005474739125331), (1028.0, 3.967872892970484), (40815.0, 3.7779464400869025), (91542.0, 3.6818234454084733)]"
204.0,"[(8874.0, 4.421186780503419), (3949.0, 4.367976115072057), (33794.0, 4.284157970282954), (70286.0, 4.269167633257606), (1653.0, 4.266021765549284)]"
203.0,"[(3671.0, 3.984258802158399), (590.0, 3.8983350744527754), (96610.0, 3.7568661831734804), (1584.0, 3.7111505132651272), (2302.0, 3.5350430320213815)]"
202.0,"[(1089.0, 4.4583954820284095), (1204.0, 4.439818521362797), (1617.0, 4.359719029601521), (1136.0, 4.354403593504667), (608.0, 4.345998817330878)]"
201.0,"[(1291.0, 4.654270255493781), (1.0, 4.625078866650026), (480.0, 4.430548393700663), (16.0, 4.373000135916961), (1584.0, 4.339288969267955)]"
200.0,"[(2959.0, 4.5161196482248664), (6377.0, 4.274362310417971), (3578.0, 4.254202937845081), (2858.0, 4.227779311557816), (48774.0, 4.219243615264816)]"
199.0,"[(4226.0, 4.183750914265281), (7361.0, 4.089298583055414), (1265.0, 4.064142160641765), (904.0, 4.0378954181284685), (1272.0, 4.022140834230436)]"
198.0,"[(912.0, 4.143245914626392), (608.0, 4.078584068068118), (1394.0, 3.886893317686862), (1277.0, 3.8675997111265765), (1089.0, 3.8448915230500464)]"
197.0,"[(1784.0, 4.211282708593684), (589.0, 4.157379905487298), (356.0, 4.092781561700777), (153.0, 3.3459530082421463)]"
196.0,"[(4963.0, 3.8152527156868254), (44665.0, 3.747484718964052), (1214.0, 3.7221511087548413), (3578.0, 3.6558125266682318)]"
195.0,"[(1208.0, 4.243714564700135), (296.0, 4.221481342695969), (904.0, 4.207273192955663), (1222.0, 4.1454125012936185), (3897.0, 3.9481007611312813)]"
194.0,"[(1500.0, 3.3507860629192354), (1380.0, 2.882031971709691)]"
193.0,"[(527.0, 4.085884452541184), (2959.0, 4.049547416171691), (46578.0, 3.744147840050487), (97938.0, 2.9684318875056546)]"
192.0,"[(10.0, 4.346990724233877), (225.0, 4.187150947538683), (480.0, 4.170996063675984)]"
191.0,"[(296.0, 4.578703538360929), (25.0, 3.9261077052460105), (17.0, 3.7767562187295844), (150.0, 3.709640395559979), (21.0, 3.5567783822514265)]"
190.0,"[(8368.0, 4.225958282512831), (2959.0, 4.220079420172932), (6711.0, 4.116551435865335), (4886.0, 4.075105544081941), (4306.0, 3.8856756364496534)]"
189.0,"[(527.0, 4.149413874339098), (1265.0, 3.9423027811827285)]"
188.0,"[(926.0, 4.634450199021101), (1086.0, 4.5110881592922505), (1028.0, 4.465401413394891), (1244.0, 4.352343566780327), (1269.0, 4.2811008433018936)]"
187.0,"[(2959.0, 4.358424593956975), (1089.0, 4.179672776744576), (6874.0, 4.118737362366288), (912.0, 4.116939547573879), (8874.0, 3.9850755665012727)]"
186.0,"[(750.0, 4.731920628499659), (914.0, 4.667347090717722), (1136.0, 4.5837034088627), (3578.0, 4.480620991320797), (1259.0, 4.4389555181982825)]"
185.0,"[(4878.0, 4.197340601588045), (1288.0, 4.1663216301075625), (2396.0, 3.768884666806934), (1721.0, 3.4479804154455764), (361.0, 3.222750707785221)]"
184.0,"[(119145.0, 4.176622247316839), (176371.0, 4.136823297895061), (163645.0, 4.064917562524696), (114935.0, 4.0489336515403025), (59315.0, 4.019291972201691)]"
183.0,"[(1242.0, 4.600248840766075), (589.0, 4.242644285944863), (1200.0, 4.240163211789801), (2529.0, 4.148691584113321), (3527.0, 4.037831595361827)]"
182.0,"[(2959.0, 4.6135048249541715), (904.0, 4.268078210214811), (6874.0, 4.24656528904022), (2997.0, 4.244164900750402), (866.0, 4.237777216640467)]"
181.0,"[(590.0, 3.6750211383064557), (595.0, 3.6632663277420603), (16.0, 3.4562716660594828), (597.0, 3.372883618635897), (539.0, 3.297635975508852)]"
180.0,"[(2723.0, 3.160917593359007), (2717.0, 3.0763535277936427)]"
179.0,"[(110.0, 4.411888012387737), (296.0, 4.309529738825555), (150.0, 4.200935243188744), (377.0, 4.091485751516795), (349.0, 3.9455700397463445)]"
178.0,"[(1193.0, 4.525777463170716), (2858.0, 4.341463567008944), (1265.0, 4.233997339062969), (2231.0, 4.227830958004021), (1270.0, 4.2223834690045345)]"
177.0,"[(899.0, 4.336890662518978), (78499.0, 4.121913462717635), (527.0, 4.114770130980425), (8368.0, 4.107880599626881), (1242.0, 4.101419291084148)]"
176.0,"[(588.0, 4.113499342618223), (377.0, 4.059557486816357), (316.0, 3.8519196260719504), (168.0, 3.4057451291148135), (344.0, 3.162811337326592)]"
175.0,"[(8362.0, 4.140943093628327), (3791.0, 3.9012691558676162), (5410.0, 3.6813848638433013)]"
174.0,"[(480.0, 3.9479073637861704), (440.0, 3.8206702515179334), (34.0, 3.8196884612788304), (368.0, 3.6411147758343834), (329.0, 3.6054876535776987)]"
173.0,"[(356.0, 3.7889577950023314), (150.0, 3.650177684619685), (480.0, 3.261294343142892), (586.0, 2.83364598693449)]"
172.0,"[(1270.0, 4.341109122177086), (1215.0, 4.159807770253513), (3793.0, 3.8172818788797263)]"
171.0,"[(1208.0, 4.977807782103685), (1291.0, 4.923415263585396), (541.0, 4.910371389027549), (1246.0, 4.902609144804107), (36.0, 4.79916246197146)]"
170.0,"[(296.0, 3.9389797524116994), (590.0, 3.764005515049049), (588.0, 3.670984208434067), (377.0, 3.6195853861617153), (277.0, 3.501690106803476)]"
169.0,"[(356.0, 4.937355368290086), (914.0, 4.848311893725339), (6377.0, 4.763436555475208), (1282.0, 4.652018632509522), (5014.0, 4.642997167559321)]"
168.0,"[(750.0, 4.756408967647443), (1193.0, 4.669497292197048), (57669.0, 4.570934438753877), (1225.0, 4.49370447748097), (953.0, 4.477277641742148)]"
167.0,"[(2858.0, 3.872856499694393), (2502.0, 3.820255007158143), (924.0, 3.755976744003581), (6539.0, 3.7302354983727315), (4306.0, 3.7062082253217596)]"
166.0,"[(2959.0, 4.639357550159891), (608.0, 4.448143783430305), (4878.0, 4.4122660650365635), (1265.0, 4.305325165229439), (7438.0, 4.264397932288122)]"
165.0,"[(5444.0, 3.7662888441831504), (5956.0, 3.6661190482985946), (480.0, 3.6457150722841565), (6188.0, 3.4627043372358135), (5445.0, 3.4590392051709595)]"
164.0,"[(110.0, 4.567924571321072), (2115.0, 4.186173371819738), (1097.0, 4.127531811121498), (1356.0, 3.9726764130462566)]"
163.0,"[(1835.0, 3.439085599128533), (1614.0, 2.6993128728205074), (1515.0, 2.5989163189643536)]"
162.0,"[(296.0, 4.878564032844439), (17.0, 4.39090931031032), (225.0, 4.145847911233671), (145.0, 3.9737662929656183), (224.0, 3.9504525324345168)]"
161.0,"[(4980.0, 3.7376353378923013), (2135.0, 3.679063127187803), (2424.0, 3.612845879734721), (252.0, 3.6077434635445584), (2080.0, 3.5831868352322296)]"
160.0,"[(1208.0, 4.140023631923894), (2959.0, 4.088398793154285), (1265.0, 4.016059610983725), (111.0, 3.9219719344051094), (1288.0, 3.8143131147020233)]"
159.0,"[(78499.0, 3.6519108683312087), (68954.0, 3.561874872459543), (103141.0, 3.4253892730779554), (5377.0, 3.3901307732936403), (1721.0, 3.3729572952648246)]"
158.0,"[(3363.0, 3.5354177744347304), (2490.0, 2.937294051988868), (1409.0, 2.7877940922284177)]"
157.0,"[(2490.0, 3.6415374724567555), (3174.0, 3.5861802523075164), (3752.0, 3.349716506464149), (2724.0, 3.1341634473756974)]"
156.0,"[(750.0, 4.46154212594548), (1089.0, 4.418659529597035), (541.0, 4.304783086321002), (1136.0, 4.217367876588392), (2067.0, 4.194014650075212)]"
155.0,"[(2028.0, 4.103942211381722), (2948.0, 3.883896666160944), (1923.0, 3.7800732784612334), (592.0, 3.5198071139201046), (2724.0, 3.506679131986207)]"
154.0,"[(1704.0, 4.835702325800217), (109487.0, 4.832183070163172), (152081.0, 4.5964418413162145), (122892.0, 4.461131564724952), (122904.0, 4.446870629084722)]"
153.0,"[(356.0, 2.9648094252634754), (4226.0, 2.723866627119702), (106920.0, 2.6632197244340796), (1961.0, 2.6618155232172653), (2858.0, 2.646027668500703)]"
152.0,"[(750.0, 4.403251994189283), (296.0, 4.374531179844206), (1193.0, 4.32300959695875), (1203.0, 4.16802544204764), (86781.0, 4.026368655712258)]"
151.0,"[(1073.0, 4.435035007245978), (1393.0, 4.244695206340183), (562.0, 4.05302018680754), (104.0, 3.941103451287824), (885.0, 3.84510385825331)]"
150.0,"[(608.0, 4.177785884162049), (1073.0, 3.8399743109827424), (1356.0, 3.7769013919597563)]"
149.0,"[(1214.0, 3.1706035382505124), (610.0, 2.860485618496761), (1676.0, 2.719482301336689), (329.0, 2.6693913852437667), (2091.0, 2.4763002250809185)]"
148.0,"[(60069.0, 3.8230919228615456), (115617.0, 3.7901941405485853), (76093.0, 3.776836407911104), (79702.0, 3.6290992348201145), (157296.0, 3.6156740389418234)]"
147.0,"[(543.0, 3.7836354527297793), (1376.0, 3.7401965972830857), (2302.0, 3.396982601560574)]"
146.0,"[(5810.0, 3.145623494549331), (2805.0, 2.9163209954958265), (410.0, 2.7869606676497103), (1882.0, 2.2238451979780556)]"
145.0,"[(111.0, 3.7660150264201655), (590.0, 3.4818759328342486), (161.0, 3.4004845543650264), (208.0, 2.627849936945547)]"
144.0,"[(296.0, 4.17252106677987), (356.0, 4.1432316710375385), (2858.0, 4.029596405106078), (1193.0, 4.020978571991794), (3037.0, 3.910097467120007)]"
143.0,"[(79132.0, 3.905032450365662), (6377.0, 3.8575899069748028), (32289.0, 3.5865438755696055), (54503.0, 3.5704684197236753), (79702.0, 3.5135254685184134)]"
142.0,"[(356.0, 4.4685084921657445), (595.0, 4.03770982565826), (384.0, 3.635493572325137), (481.0, 3.5506325190249104), (95.0, 3.2551256219799867)]"
141.0,"[(4011.0, 3.926083459224835), (6377.0, 3.906072726993318), (8874.0, 3.859720387869367), (2502.0, 3.795346774816858), (1653.0, 3.7364914369787896)]"
140.0,"[(1242.0, 4.198687995231778), (1704.0, 3.97484699211728), (953.0, 3.9495491526192548), (30707.0, 3.9289675160702897), (2398.0, 3.8779371674757135)]"
139.0,"[(6874.0, 2.6116502231425374), (3578.0, 2.5540010075959887), (68358.0, 2.4421032400968263), (33794.0, 2.432223532495912), (5903.0, 2.381667945531865)]"
138.0,"[(2002.0, 3.0094697524022713)]"
137.0,"[(750.0, 4.5031435517793685), (1242.0, 4.244449095954973), (296.0, 4.239583696213209), (541.0, 4.135098381021089), (1203.0, 4.072819356329733)]"
136.0,"[(588.0, 3.651539309716049), (252.0, 3.5041703703839033), (151.0, 3.3805506331467394), (153.0, 3.325619923710923), (338.0, 3.270005898757115)]"
135.0,"[(2959.0, 4.653687448469298), (608.0, 4.379618639440097), (1653.0, 4.260616895835557), (3578.0, 4.132233141326429), (1259.0, 4.127977479427906)]"
134.0,"[(590.0, 3.904730975469131), (163.0, 3.611614742391022), (208.0, 3.1704509644266716), (173.0, 3.019191297230541), (442.0, 2.9775271869559132)]"
133.0,"[(150.0, 3.0485024544824624), (300.0, 2.78560521787194), (592.0, 2.535801803489426), (288.0, 2.4032474696220074)]"
132.0,"[(56782.0, 3.7493315489927057), (7361.0, 3.722219410584239), (912.0, 3.689688273341871), (866.0, 3.602897162972183), (4034.0, 3.581668071580681)]"
131.0,"[(1193.0, 3.7897876348938704), (1089.0, 3.729380008701157), (608.0, 3.6167184969979), (778.0, 3.446896368034899), (2329.0, 3.37631910029358)]"
130.0,"[(150.0, 3.617570971075266), (161.0, 3.5657216997975874), (292.0, 3.4206707075814937), (592.0, 3.289305621699868), (410.0, 2.8178989243796817)]"
129.0,"[(1222.0, 4.35189340639458), (3578.0, 4.2576340824461845), (33166.0, 4.229936227326098), (6711.0, 4.179924744723781), (2028.0, 4.17078516588184)]"
128.0,"[(912.0, 4.5227580076254315), (1193.0, 4.313910420724316), (1387.0, 4.239552519761654), (911.0, 3.9794414427662486)]"
127.0,"[(1276.0, 3.3853745718001047), (3039.0, 3.005253922969723), (2100.0, 2.550449044049814)]"
126.0,"[(589.0, 3.8339041393178825), (595.0, 3.5881582020788736), (34.0, 3.49323490664636), (380.0, 3.3025216165102425), (300.0, 2.9544990220302356)]"
125.0,"[(1193.0, 4.290108787239503), (1215.0, 4.22829300320452), (608.0, 4.131622404298639), (2318.0, 4.1066343149664375), (166528.0, 4.092731560165484)]"
124.0,"[(3949.0, 4.386173103098422), (3328.0, 4.3463779368807325), (1961.0, 4.2810954785229685), (3252.0, 4.0739398020071365), (1784.0, 4.068817879658162)]"
123.0,"[(2329.0, 4.385919119363964), (112552.0, 4.327964259255111), (115569.0, 4.163950187208735), (106920.0, 4.157421167690373), (84152.0, 4.0871162947890705)]"
122.0,"[(296.0, 4.9954458549668), (1208.0, 4.994263262081615), (1136.0, 4.979437227507093), (1089.0, 4.972434575264545), (1673.0, 4.917690408549686)]"
121.0,"[(356.0, 3.7914882963563294), (337.0, 3.6515561145387476), (555.0, 3.6115516622966726), (1.0, 3.5180262992604723), (25.0, 3.47570755969424)]"
120.0,"[(765.0, 3.1410667502474263), (802.0, 3.1410482855877486)]"
119.0,"[(3578.0, 4.586523637600927), (2329.0, 4.574095108220985), (49272.0, 4.401611825516575), (5064.0, 4.378041738672625), (33794.0, 4.348703082887928)]"
118.0,"[(25.0, 3.7564769566470346), (153.0, 3.015825501982773)]"
117.0,"[(110.0, 3.750670398850333), (589.0, 3.744887266942263), (261.0, 3.556196395515767), (480.0, 3.546017412766316), (587.0, 3.517529653606018)]"
116.0,"[(356.0, 3.986615438876215), (1270.0, 3.8573145536409275), (1954.0, 3.723747112990784), (541.0, 3.581363950103068), (597.0, 3.5248794453443413)]"
115.0,"[(1200.0, 4.407290350675652), (1266.0, 4.305434905170969), (3793.0, 4.065709500293381), (1923.0, 4.002709369603089), (3037.0, 4.000679905412693)]"
114.0,"[(1136.0, 4.0818493107899885), (60069.0, 3.769400790637918), (88125.0, 3.528877056709362), (5816.0, 3.3145411824193456)]"
113.0,"[(903.0, 4.164047062762212), (2067.0, 4.142740625197003), (3451.0, 4.043672749684782), (1265.0, 3.9862605193765424), (916.0, 3.9850223954554074)]"
112.0,"[(6.0, 3.5043163923341005), (1356.0, 3.4218066824894184), (16.0, 3.4148118018143085), (778.0, 3.343508361626677), (104.0, 3.337676539985196)]"
111.0,"[(7451.0, 3.967666287035878), (40815.0, 3.9055015519141234), (68954.0, 3.7930338750394688), (7438.0, 3.769717066691827), (79132.0, 3.749662173983276)]"
110.0,"[(1193.0, 4.1755056075419095), (46578.0, 3.9945894482134277), (2028.0, 3.9858840754485585), (47629.0, 3.7651402531821168), (3462.0, 3.7408852228388034)]"
109.0,"[(778.0, 3.7767615050761063), (589.0, 3.662831761225979), (175.0, 3.561937326494535), (480.0, 3.470031296768351), (151.0, 3.329146669099791)]"
108.0,"[(5989.0, 4.202793485136106), (508.0, 4.034740307062105), (5881.0, 3.7374034666277183), (5445.0, 3.7212849491466216), (5011.0, 3.6783777289642643)]"
107.0,"[(296.0, 4.4001633430838645), (349.0, 4.050532940948948), (104.0, 3.91750959220361), (316.0, 3.7466268990299105), (434.0, 3.583730218770843)]"
106.0,"[(69844.0, 4.534182085053909), (85414.0, 4.234855805169832), (45722.0, 4.233652973782153), (72998.0, 4.119202505868474)]"
105.0,"[(1207.0, 4.468837982068024), (2959.0, 4.418778872676606), (57669.0, 4.379122934988532), (1704.0, 4.340417313804183), (1266.0, 4.329770894061934)]"
104.0,"[(914.0, 4.204135228322803), (81834.0, 4.080357831822932), (1270.0, 4.0055487628300215), (4306.0, 3.979835991518396), (1288.0, 3.968937090175469)]"
103.0,"[(4226.0, 4.463305472787435), (1228.0, 4.392322147573367), (1230.0, 4.389336469410841), (924.0, 4.302736275209234), (356.0, 4.300019228736336)]"
102.0,"[(356.0, 4.113535314774744), (223.0, 3.921259165651822), (553.0, 3.7061096931367428), (161.0, 3.463042978326925), (165.0, 3.418622862555668)]"
101.0,"[(2858.0, 4.1871460418586555), (2997.0, 3.9211029162464337), (3160.0, 3.910500297536527), (2599.0, 3.869082712240324), (2395.0, 3.7174809421313215)]"
100.0,"[(356.0, 4.407275365707916), (916.0, 4.132173379034839), (587.0, 4.041949608826676), (441.0, 3.907730883977599), (553.0, 3.8791877109064044)]"
99.0,"[(296.0, 4.7481125097315395), (337.0, 4.6060575883447346), (316.0, 4.139164080355458), (225.0, 4.120469086836511), (380.0, 3.9900945507011265)]"
98.0,"[(1207.0, 4.449330305637251), (356.0, 4.295858538044067), (79132.0, 4.218643780176915), (7451.0, 4.1582746829757), (1.0, 4.15500745724612)]"
97.0,"[(3555.0, 4.01723668715612), (377.0, 3.98355199342731), (5378.0, 3.8327355622991375), (5109.0, 3.79353161463471), (3981.0, 3.5837323203853044)]"
96.0,"[(2858.0, 4.445930964665992), (527.0, 4.281499752129713), (1617.0, 4.278690140078753), (2000.0, 3.865452608216227), (3256.0, 3.786373135200151)]"
95.0,"[(1089.0, 4.65569586052716), (4878.0, 4.520781931315066), (3424.0, 4.476621982588549), (2028.0, 4.456107808570598), (1748.0, 4.3293419715484776)]"
94.0,"[(150.0, 3.4775309737962066), (357.0, 3.4554684248972922), (337.0, 3.434719984878397), (17.0, 3.333034442162641), (380.0, 3.200406725687731)]"
93.0,"[(480.0, 4.59708323156587), (2021.0, 4.484872641628619), (368.0, 4.427021401852618), (10.0, 4.371049183837975), (2.0, 4.333865074012862)]"
92.0,"[(2087.0, 4.181338812535744), (51662.0, 4.168070169363777), (1367.0, 3.640140870653756)]"
91.0,"[(2028.0, 4.034164078976252), (3671.0, 4.000163803724889), (7387.0, 3.9029897659933974), (1617.0, 3.8976298098484046), (1748.0, 3.8695849904685398)]"
90.0,"[(1357.0, 4.775981024852199), (1.0, 4.487818426838851), (613.0, 3.9555595417204454), (7.0, 3.8727248449701523), (743.0, 3.3562542086938616)]"
89.0,"[(1278.0, 3.623863807789471), (1394.0, 3.5101518522607353), (1136.0, 3.273659643588153), (112138.0, 3.230861080738809), (164200.0, 3.2139001796050333)]"
88.0,"[(4878.0, 4.287578699610355), (6502.0, 4.216040061164331), (3897.0, 4.117863861413403), (8950.0, 4.09697089168023), (69.0, 4.060421888100433)]"
87.0,"[(3910.0, 4.039512223949299), (2009.0, 3.78340486646891)]"
86.0,"[(6377.0, 4.268162267735127), (7361.0, 4.241802161719129), (51662.0, 3.9701374686724846), (3793.0, 3.9561308428382236), (1097.0, 3.8501658848237783)]"
85.0,"[(1696.0, 3.5525846697655514), (1693.0, 3.458963908285686), (1584.0, 3.3933984439377087)]"
84.0,"[(908.0, 4.2118928004364475), (1208.0, 4.205822667514186), (608.0, 4.16935773815636), (1394.0, 4.072995430059405), (914.0, 4.062679351902123)]"
83.0,"[(1222.0, 3.826020995726123), (750.0, 3.7598124447010672), (1246.0, 3.719551444953196), (1090.0, 3.6391239236514097), (68954.0, 3.6013305555009576)]"
82.0,"[(356.0, 3.9795163925883106), (1270.0, 3.8996209246718045), (1214.0, 3.7974262748212646), (1036.0, 3.7812638861777543), (2948.0, 3.7015480986626113)]"
81.0,"[(165.0, 3.116601699920582), (316.0, 2.843611233988228), (329.0, 2.5456770316548853), (344.0, 2.2751300210514294)]"
80.0,"[(49272.0, 4.658787630282145), (4886.0, 4.618736723804822), (6502.0, 4.577851890531528), (1921.0, 4.560981159341122), (60684.0, 4.552591552310243)]"
79.0,"[(3578.0, 4.4090511318177015), (1912.0, 4.0271451021782605), (2916.0, 3.920805967103935), (3104.0, 3.831420145412607), (1374.0, 3.806863353130155)]"
78.0,"[(589.0, 3.5424865222320627), (1.0, 3.4600752652614775), (2795.0, 3.313661149891157), (377.0, 3.2808943018799592), (2792.0, 3.179696582083741)]"
77.0,"[(6539.0, 3.8100514219765214), (5349.0, 3.5048204077920664), (4226.0, 3.258820639669619)]"
76.0,"[(296.0, 3.616410692167044), (1136.0, 3.4975294602689977), (1884.0, 3.454077595783226), (57669.0, 3.406683879626125), (2318.0, 3.4027942336432515)]"
75.0,"[(1090.0, 3.369922973182265), (4306.0, 3.221589051765826), (5008.0, 3.211881507271296), (1962.0, 3.0774515686584945), (44191.0, 3.0367776073571777)]"
74.0,"[(1193.0, 4.678208052492383), (1041.0, 4.627632167627287), (2160.0, 4.613715432975673), (1217.0, 4.583106697312844), (4226.0, 4.537736742828162)]"
73.0,"[(51255.0, 4.345879546969896), (7438.0, 4.32227410875255), (112852.0, 4.2629386632297), (1.0, 4.131997116346409), (1884.0, 4.124385220643653)]"
72.0,"[(296.0, 4.444797243837512), (912.0, 4.428990323514829), (1193.0, 4.405045751464049), (590.0, 3.9778339896843695), (648.0, 3.7920478578158)]"
71.0,"[(589.0, 4.093417159566469), (736.0, 3.612265956453322), (1356.0, 3.506182978078126), (1101.0, 3.3952075448423), (707.0, 3.2681693188694343)]"
70.0,"[(2858.0, 4.4654607791421554), (1270.0, 4.425249532051943), (1954.0, 4.300057893884104), (8949.0, 4.250745999831137), (508.0, 4.199843292220654)]"
69.0,"[(541.0, 4.803416942479643), (356.0, 4.707126683426119), (1266.0, 4.682138813699753), (924.0, 4.614978834559812), (589.0, 4.563374942715701)]"
68.0,"[(69844.0, 4.030886934828101), (8368.0, 3.922592025918528), (142488.0, 3.8694929620420413), (1089.0, 3.8215812112051806), (78499.0, 3.7940937741655234)]"
67.0,"[(2959.0, 4.375713911535739), (2858.0, 4.172495035941212), (4886.0, 4.093225629033484), (4306.0, 4.026019986017183), (5628.0, 3.598217992804181)]"
66.0,"[(4226.0, 4.739187800802317), (7361.0, 4.687784453901953), (111.0, 4.584535066529074), (2858.0, 4.580761263184817), (1394.0, 4.457125090024985)]"
65.0,"[(64614.0, 4.171082791020201), (1036.0, 4.104331490265947), (97921.0, 4.0715932284794905), (122904.0, 3.8752966395123787), (7458.0, 3.8017241362322283)]"
64.0,"[(1089.0, 4.424585114771276), (2858.0, 4.361869635806381), (1228.0, 4.342641783990085), (1276.0, 4.333156805184953), (2329.0, 4.31897302514383)]"
63.0,"[(4226.0, 4.046038984693554), (1089.0, 3.979157895515386), (1193.0, 3.9646968979521633), (1073.0, 3.936916632124442), (98491.0, 3.8973534238562797)]"
62.0,"[(296.0, 4.689376797481394), (527.0, 4.617811419394576), (110.0, 4.539471411963568), (68157.0, 4.530404561518298), (1270.0, 4.5175804867080895)]"
61.0,"[(1090.0, 4.145982000872191), (16.0, 4.097349437819673), (6502.0, 4.078321703542916), (30707.0, 3.9612763400510675), (235.0, 3.852840935589051)]"
60.0,"[(2067.0, 4.301262518069463), (48.0, 3.2985956274463315)]"
59.0,"[(904.0, 4.840071758056309), (1617.0, 4.544722859241623), (1244.0, 4.544235155785441), (924.0, 4.501819523136396), (928.0, 4.439970530640692)]"
58.0,"[(333.0, 4.108970532569096), (508.0, 4.064480870087375), (587.0, 3.9838781663663623), (1073.0, 3.9434889033444818), (357.0, 3.93302037261704)]"
57.0,"[(750.0, 4.456250097085687), (904.0, 4.360995956182272), (924.0, 4.230299285946653), (3435.0, 4.208466350437063), (356.0, 4.102441599270801)]"
56.0,"[(110.0, 4.482825787174934), (589.0, 4.408539834774102), (333.0, 4.072834744528875), (316.0, 3.891441882194531), (592.0, 3.8465836455873696)]"
55.0,"[(33166.0, 3.4102552269888533), (1357.0, 3.3933435798288674), (2393.0, 3.082617256544796), (673.0, 2.337872738313859)]"
54.0,"[(1.0, 3.373636547134192), (17.0, 3.3295891875183754), (480.0, 3.156768282293472), (586.0, 2.5593615248006563)]"
53.0,"[(1100.0, 4.205746221727458), (413.0, 4.2047539753513785)]"
52.0,"[(2959.0, 4.990919261701557), (51255.0, 4.73782628683062), (49272.0, 4.6922221927770105), (48774.0, 4.653910497766426), (73017.0, 4.617628909543333)]"
51.0,"[(1276.0, 4.68374702684314), (4878.0, 4.618060756194849), (8874.0, 4.55342095164401), (56367.0, 4.54458412198919), (48774.0, 4.458395817794486)]"
50.0,"[(750.0, 3.331939089098918), (296.0, 3.314646368578349), (1136.0, 3.222292519557281), (541.0, 3.1865031389591207), (1387.0, 3.1370636083493975)]"
49.0,"[(356.0, 4.446284385195309), (79132.0, 4.25817230819243), (168252.0, 4.2350568482213715), (79091.0, 4.0724483662725)]"
48.0,"[(1653.0, 4.262319197358877), (5903.0, 4.245253139354943), (2115.0, 4.045663153688608), (3623.0, 3.0260485911847157)]"
47.0,"[(356.0, 3.5504594674593037), (139385.0, 3.2959760719957965), (30749.0, 3.249119288667686), (3949.0, 3.2163846878171674), (112556.0, 3.0757826500387226)]"
46.0,"[(595.0, 4.478735430510008), (380.0, 4.049487637782458), (225.0, 3.9935226301630036), (236.0, 3.7692734613876904), (160.0, 3.3428560119582906)]"
45.0,"[(3578.0, 4.688663694843302), (4011.0, 4.602031289328803), (356.0, 4.56816855182574), (1136.0, 4.54441080194581), (1242.0, 4.458628141513691)]"
44.0,"[(94.0, 3.5650258126457883), (1639.0, 3.4424654939928603), (36.0, 3.2337719399499685), (1405.0, 2.818766234629132), (798.0, 2.7963149034996344)]"
43.0,"[(1084.0, 4.798846450981473), (1105.0, 4.7103653553987925), (597.0, 4.514382994621442), (23.0, 4.406762691949199), (316.0, 4.35266264829393)]"
42.0,"[(527.0, 4.619214673423958), (2997.0, 4.5008882157391215), (1089.0, 4.468412325412367), (296.0, 4.401939604583763), (2028.0, 4.3778406072613345)]"
41.0,"[(7361.0, 3.876680715248044), (8874.0, 3.645506983015481), (55247.0, 3.6196662022984563), (4011.0, 3.4768688715430676), (4027.0, 3.4509395666305234)]"
40.0,"[(163.0, 4.159569799332974), (26.0, 4.010428999837571), (588.0, 3.9692694142335956), (595.0, 3.9204849051716755), (224.0, 3.881185258973248)]"
39.0,"[(296.0, 4.214352971565198), (1214.0, 4.163779993963468), (3362.0, 4.149881148755713), (608.0, 4.136896501598727), (2580.0, 4.124678693408003)]"
38.0,"[(223.0, 3.7872930416342316), (497.0, 3.7179418131699697), (508.0, 3.4340768531695085), (224.0, 3.371837610862713), (329.0, 3.2072080609365257)]"
37.0,"[(165.0, 4.141437813989621), (329.0, 4.056542628447609), (153.0, 3.570657062859378)]"
36.0,"[(1252.0, 3.2729737702268746), (904.0, 3.2728526100094864), (3897.0, 2.9050610386440154), (2406.0, 2.615097441296673), (3766.0, 2.470301754048348)]"
35.0,"[(150.0, 4.469458400537096), (595.0, 4.253255142490268), (339.0, 3.831431001165528)]"
34.0,"[(8636.0, 3.9569643748960632), (4226.0, 3.80951803414053), (163.0, 3.733430971174715), (4246.0, 3.377637910428369), (1721.0, 3.305506679796592)]"
33.0,"[(914.0, 4.275219280781551), (1704.0, 4.261275567837464), (778.0, 4.167127855875981), (25.0, 3.9835156323207395), (1060.0, 3.9559008232824135)]"
32.0,"[(1086.0, 4.340243113977433), (527.0, 4.32505719114526), (912.0, 4.309216527013683), (1036.0, 3.9670279462615765), (224.0, 3.55983179368741)]"
31.0,"[(912.0, 4.244866732076275), (1136.0, 3.9778705270286734), (1278.0, 3.9125434278302453), (1282.0, 3.8821044375843288), (17.0, 3.7897823508987987)]"
30.0,"[(112852.0, 4.71652094661819), (93510.0, 4.70404782037461), (59315.0, 4.604028902989498), (116823.0, 4.464483437042404)]"
29.0,"[(2028.0, 4.401916061418795), (1617.0, 4.357924482926316), (1272.0, 4.320325746497682), (87232.0, 4.2085547758510975), (924.0, 4.191700051730145)]"
28.0,"[(2959.0, 3.6898073338712125), (1089.0, 3.603128045357135), (2028.0, 3.5863023771718887), (1276.0, 3.484986743187232), (60684.0, 3.418318468329992)]"
27.0,"[(920.0, 4.0135250217666965), (902.0, 4.013101102128785), (1222.0, 3.9401084501274974), (3037.0, 3.9092690258735154), (480.0, 3.8715738730010356)]"
26.0,"[(356.0, 3.7279522851908853), (165.0, 3.151541111253325), (592.0, 3.0639371757275256)]"
25.0,"[(176371.0, 4.38377618952772), (180095.0, 4.124192234254526), (187541.0, 3.953395643233421)]"
24.0,"[(2028.0, 3.9114343236872866), (6.0, 3.81595004444491), (1265.0, 3.8142142123450844), (68358.0, 3.7677453454329797), (1663.0, 3.6944442415831973)]"
23.0,"[(750.0, 4.0458901142072285), (1208.0, 3.963015030777264), (1089.0, 3.9468465224137734), (608.0, 3.8325557136258026), (923.0, 3.7653084031497226)]"
22.0,"[(7361.0, 3.1771961174785184), (4226.0, 3.0366443082875785), (4027.0, 3.012502726749833), (4878.0, 2.9476374042005435), (7147.0, 2.910156094022474)]"
21.0,"[(49272.0, 3.919201338475926), (1704.0, 3.91461071197792), (78499.0, 3.817642058091838), (3114.0, 3.8051539794921636), (902.0, 3.789556454612054)]"
20.0,"[(899.0, 4.431985351216784), (914.0, 4.422308012362818), (1028.0, 4.253519782451763), (5816.0, 4.061276073135678), (594.0, 3.9770161338697116)]"
19.0,"[(866.0, 3.6169504915611337), (541.0, 3.583709057432585), (933.0, 3.5781135126805603), (1200.0, 3.55610857680171), (2502.0, 3.4896223423741177)]"
18.0,"[(1276.0, 4.284235317191038), (2959.0, 4.259867160965191), (1222.0, 4.254306554045828), (2329.0, 4.242586306389626), (4226.0, 4.157506563146853)]"
17.0,"[(296.0, 4.4489797833242415), (899.0, 4.382570187696134), (3435.0, 4.344473571104618), (4226.0, 4.323329623282755), (111.0, 4.268414303318504)]"
16.0,"[(1222.0, 3.986929136928943), (1276.0, 3.9862045718386696), (1089.0, 3.9448254779974397), (1219.0, 3.9275191162259664), (356.0, 3.823164244628784)]"
15.0,"[(2028.0, 4.059615200615086), (105504.0, 3.792145733037309), (4022.0, 3.741453563939975), (112852.0, 3.725288380907684), (1.0, 3.7109795768720666)]"
14.0,"[(110.0, 3.87718109468216), (480.0, 3.6686241694789707), (597.0, 3.531630663255817), (25.0, 3.5155330616850446), (282.0, 3.2479962807250615)]"
13.0,"[(1619.0, 3.8041439254597975), (1590.0, 3.6399337745398452), (3409.0, 3.5961248735962696), (3977.0, 3.1578568396287015)]"
12.0,"[(4018.0, 4.247069639186326), (39.0, 4.195530014333638), (5620.0, 4.086971722994878), (168.0, 3.970536673798626), (2100.0, 3.9172625057888055)]"
11.0,"[(1704.0, 4.477978463486612), (377.0, 3.8781142250648526), (1608.0, 3.840095754555574), (292.0, 3.801456484088038), (380.0, 3.784497412641572)]"
10.0,"[(356.0, 3.7779224441203443), (8636.0, 3.6567060281173505), (49272.0, 3.6557840183338364), (588.0, 3.5046455895512874), (6155.0, 3.3836871913939914)]"
9.0,"[(1095.0, 3.6891811065390643), (3173.0, 3.584710702016673), (3328.0, 3.557397505198), (5445.0, 3.3369671850305718), (2012.0, 3.2944455441268725)]"
8.0,"[(527.0, 4.0774177741029085), (590.0, 3.7827247505991983), (500.0, 3.4996970301945125), (539.0, 3.470979867113008), (282.0, 3.1078546914714704)]"
7.0,"[(356.0, 3.7338086390445544), (4306.0, 3.626768942982873), (5991.0, 3.4019816787636525), (33794.0, 3.3524648757649165), (8360.0, 3.345245945789666)]"
6.0,"[(356.0, 4.38882643719218), (595.0, 4.2475077522566425), (589.0, 4.2343738309410615), (838.0, 4.174163004675927), (494.0, 3.9845431995876943)]"
5.0,"[(261.0, 4.040987428014667), (596.0, 3.7745237601334436), (597.0, 3.735480529487268), (380.0, 3.6644536305624476), (266.0, 3.6363158619200915)]"
4.0,"[(1136.0, 4.122900735289979), (1288.0, 3.9103956100056667), (2973.0, 3.9049001131955596), (247.0, 3.887149580359385), (1617.0, 3.813445692536967)]"
3.0,"[(4518.0, 2.6516211869359125), (70946.0, 2.423428121630701), (914.0, 2.2288760601879414), (5048.0, 1.8028464251353562), (2018.0, 1.6814577807793276)]"
2.0,"[(8798.0, 4.1747617951197435), (112552.0, 4.156106925085517), (71535.0, 4.083184475357439), (99114.0, 4.013899059435615)]"
1.0,"[(2028.0, 4.6476643120636245), (1275.0, 4.575995394404025), (2580.0, 4.469325867159066), (2947.0, 4.43624454094964), (2949.0, 4.387615371077124)]"
