userId,movieId,tag,timestamp
2,60756,funny,1445714994
2,60756,Highly quotable,1445714996
2,60756,will ferrell,1445714992
2,89774,Boxing story,1445715207
2,89774,MMA,1445715200
2,89774,Tom Hardy,1445715205
18,431,Al Pacino,1462138765
18,431,gangster,1462138749
18,431,mafia,1462138755
18,44665,twist ending,1456948283
18,52604,Anthony Hopkins,1457650696
18,52604,courtroom drama,1457650711
18,52604,twist ending,1457650682
21,1569,romantic comedy,1419805413
21,1569,wedding,1419805419
21,118985,painter,1419805477
21,119141,bloody,1419793962
49,109487,black hole,1493093306
49,109487,sci-fi,1493093332
49,109487,time-travel,1493093356
62,2,fantasy,1528843929
62,2,magic board game,1528843932
62,2,Robin Williams,1528843907
62,110,beautiful scenery,1528152541
62,110,epic,1528152532
62,110,historical,1528152523
62,110,inspirational,1528152527
62,110,Medieval,1528152528
62,110,mel gibson,1528152521
62,110,Oscar (Best Cinematography),1528152539
62,110,revenge,1528152531
62,110,sword fight,1528152535
62,410,black comedy,1525636607
62,410,Christina Ricci,1525636685
62,410,Christopher Lloyd,1525636622
62,410,dark comedy,1525636610
62,410,family,1525636708
62,410,gothic,1525636609
62,2953,family,1525636883
62,2953,funny,1525636885
62,2953,Macaulay Culkin,1525636890
62,2953,sequel,1525636887
62,3114,animation,1525636903
62,3114,Disney,1525636902
62,3114,funny,1525636913
62,3114,original,1525636917
62,3114,Pixar,1525636901
62,3114,sequel,1525636910
62,3114,Tom Hanks,1525636925
62,3578,ancient Rome,1528152504
62,3578,Epic,1528152469
62,3578,history,1528152467
62,3578,imdb top 250,1528152498
62,3578,revenge,1528152496
62,3578,Rome,1528152463
62,3578,Russell Crowe,1528152465
62,4223,Ed Harris,1528024869
62,4223,Jude Law,1528024854
62,4223,Rachel Weisz,1528024873
62,4223,sniper,1528024852
62,4223,World War II,1528024877
62,5388,Al Pacino,1530310809
62,5388,atmospheric,1530310959
62,5388,Hilary Swank,1530310952
62,5388,Robin Williams,1530310811
62,6058,sequel,1525555053
62,6058,violent,1525555051
62,6534,dogs,1525554096
62,6534,Eric Bana,1525554086
62,6534,mad scientist,1525554098
62,6534,marvel,1525554100
62,8641,hilarious,1526249138
62,8641,Steve Carell,1526249156
62,8641,Will Ferrell,1526249135
62,27706,dark comedy,1526248598
62,27706,Jim Carrey,1526248575
62,27706,meryl streep,1526248580
62,27706,quirky,1526248553
62,27706,stylized,1526248601
62,27808,Adam Sandler,1525554900
62,27808,family,1525554919
62,27808,sweet,1525554922
62,27831,British gangster,1532723304
62,27831,confusing,1532723364
62,27831,daniel craig,1532723305
62,27831,Exquisite plotting.,1532723355
62,27831,organized crime,1532723369
62,27831,stylish,1532723356
62,27831,Tom Hardy,1532723359
62,33162,David Thewlis,1525554605
62,33162,Eva Green,1525554550
62,33162,Liam Neeson,1525554577
62,33162,Orlando Bloom,1525554511
62,34150,Chris Evans,1525554141
62,34150,comic book,1525554003
62,34150,heroine in tight suit,1525554138
62,34150,Jessica Alba,1525554127
62,34150,sexy female scientist,1525554144
62,34150,superhero,1525553977
62,37729,gothic,1530310527
62,37729,helena bonham carter,1530310534
62,37729,Johnny Depp,1530310529
62,37729,Tim Burton,1530310526
62,37729,visually appealing,1530310541
62,38061,black comedy,1532723380
62,38061,clever,1532723403
62,38061,fast-paced dialogue,1532723406
62,38061,good dialogue,1532723428
62,38061,Robert Downey Jr.,1532723408
62,38061,witty,1532723402
62,46723,Brad Pitt,1525554217
62,46723,cate blanchett,1525554227
62,46723,multiple storylines,1525554215
62,46723,social commentary,1525554246
62,46972,Ben Stiller,1525554254
62,46972,Robin Williams,1525554255
62,49530,Africa,1536874706
62,49530,corruption,1536874704
62,49530,Jennifer Connelly,1536874701
62,49530,justice,1536874709
62,49530,Leonardo DiCaprio,1536874698
62,53464,bad acting,1525554797
62,53464,bad jokes,1525554811
62,53464,bad plot,1525554822
62,53464,Chris Evans,1525554807
62,53464,Jessica Alba,1525554794
62,53464,Marvel,1525554792
62,53464,sexy female scientist,1525554813
62,58047,Rachel Weisz,1528909364
62,58047,Ryan Reynolds,1528909347
62,60074,bad script,1525554116
62,60074,Charlize Theron,1525554121
62,60074,Will Smith,1525554107
62,60126,Anne Hathaway,1527004240
62,60126,Steve Carell,1527004238
62,60756,comedy,1528934384
62,60756,funny,1528934381
62,60756,will ferrell,1528934379
62,61024,comedy,1528934218
62,61024,James Franco,1528934214
62,61024,Seth Rogen,1528934216
62,61024,Stoner Movie,1528934219
62,63992,audience intelligence underestimated,1528934237
62,63992,boring,1528934241
62,63992,chick flick,1528934247
62,63992,overrated,1528934240
62,63992,Teen movie,1528934233
62,71535,Bill Murray,1529777198
62,71535,dark comedy,1529777189
62,71535,Emma Stone,1529777192
62,71535,funny,1529777194
62,71535,Jesse Eisenberg,1529777186
62,71535,Woody Harrelson,1529777129
62,87430,audience intelligence underestimated,1525555172
62,87430,CGI,1525555168
62,87430,cheesy,1525555170
62,87430,comic book,1525555164
62,87430,DC,1525555176
62,87430,DC Comics,1525555184
62,87430,Ryan Reynolds,1525555162
62,87430,space,1525555182
62,87430,superhero,1525555181
62,88405,comedy,1525554879
62,88405,funny,1525554868
62,88405,happy ending,1525554872
62,88405,HOT actress,1525554880
62,88405,Justin Timberlake,1525554873
62,88405,Mila Kunis,1525554861
62,88405,New York City,1525554866
62,88405,romance,1525554883
62,88405,sex,1525554864
62,96861,Istanbul,1529611262
62,96861,Liam Neeson,1529611250
62,96861,predictable,1529611266
62,96861,Turkey,1529611256
62,96861,unnecessary sequel,1529611269
62,99114,action,1526078792
62,99114,Christoph Waltz,1526078766
62,99114,funny,1526078778
62,99114,good soundtrack,1526078785
62,99114,Great performances,1526078768
62,99114,Humour,1526078787
62,99114,Leonardo DiCaprio,1526078762
62,99114,Quentin Tarantino,1526078760
62,99114,Samuel L. Jackson,1526078763
62,99114,Soundtrack,1526078781
62,99114,western,1526078773
62,103042,Amy Adams,1525555328
62,103042,superhero,1525555319
62,104863,daniel radcliffe,1528843968
62,104863,zoe kazan,1528843965
62,107348,comedy,1528935011
62,107348,Steve Carell,1528935000
62,107348,stupid but funny,1528935013
62,107348,will ferrell,1528935002
62,108190,anti-intellectual,1525554841
62,108190,bad writing,1525554835
62,108190,dystopia,1525554830
62,108190,new society,1525554832
62,108190,plot holes,1525554845
62,108190,predictable,1525554847
62,108190,scifi,1525554839
62,108190,unintelligent,1525554843
62,111743,Charlize Theron,1530471420
62,111743,Liam Neeson,1530471434
62,111743,Seth MacFarlane,1530471419
62,111743,witty,1530471417
62,115149,dark hero,1528152251
62,115149,gun-fu,1528152257
62,115149,Keanu Reeves,1528152244
62,115149,Revenge,1528152241
62,115149,secret society,1528152258
62,115149,stylish,1528152247
62,116897,black comedy,1528152849
62,116897,dark comedy,1528152859
62,116897,dark humor,1528152847
62,116897,ironic,1528152854
62,116897,multiple short stories,1528152862
62,116897,short stories,1528152852
62,119141,bromance,1525555146
62,119141,comedy,1525555138
62,119141,funny,1525555129
62,119141,James Franco,1525555132
62,119141,Seth Rogen,1525555127
62,128360,characters,1526078910
62,128360,Dialogue,1526078902
62,128360,humor,1526078901
62,128360,Kurt Russell,1526078886
62,128360,Quentin Tarantino,1526078877
62,128360,Samuel L. Jackson,1526078883
62,128360,tension building,1526078880
62,128360,violent,1526078912
62,128360,Western,1526078899
62,135133,dystopia,1525637480
62,135133,Jennifer Lawrence,1525637484
62,135133,love story,1525637487
62,135133,nonsense,1525637488
62,135133,politics,1525637499
62,135133,rebellion,1525637483
62,135133,revolution,1525637481
62,135518,Ben Kingsley,1530471365
62,135518,ethics,1530471346
62,135518,immortality,1530471343
62,135518,ryan reynolds,1530471352
62,135536,Bad story,1525555090
62,135536,Bad writing,1525555084
62,135536,Batman,1525555077
62,135536,Ben Affleck,1525555106
62,135536,comic book,1525555092
62,135536,dc comics,1525555080
62,135536,good soundtrack,1525555089
62,135536,Harley Quinn,1525555079
62,135536,Harley Quinn's ass,1525555094
62,135536,Horrible directing,1525555099
62,135536,Jared Leto,1525555072
62,135536,Joker,1525555074
62,135536,lack of plot,1525555069
62,135536,Margot Robbie,1525555073
62,135536,Poor story,1525555087
62,135536,poorly paced,1525555083
62,135536,superhero,1525555103
62,135536,visually appealing,1525555109
62,135536,Will Smith,1525555076
62,136864,action,1525555242
62,136864,batman,1525555211
62,136864,ben affleck,1525555223
62,136864,dark,1525555227
62,136864,dc comics,1525555225
62,136864,Gal Gadot,1525555240
62,136864,superhero,1525555243
62,136864,superman,1525555213
62,136864,wonderwoman,1525555233
62,139385,leonardo DiCarpio,1526079025
62,139385,survival,1526079019
62,139385,tom hardy,1526079029
62,139385,visually appealing,1526079038
62,158966,building a family,1526076353
62,158966,creative,1526076341
62,158966,freedom,1526076339
62,158966,good writing,1526076350
62,158966,individualism,1526076344
62,158966,Viggo Mortensen,1526076342
62,179401,Action,1528934538
62,179401,Comedy,1528934534
62,179401,Dwayne Johnson,1528934540
62,179401,funny,1528934536
62,183611,Comedy,1526244689
62,183611,funny,1526244688
62,183611,Rachel McAdams,1526244709
62,184471,adventure,1528024900
62,184471,Alicia Vikander,1528024914
62,184471,video game adaptation,1528024898
62,187593,Josh Brolin,1527274096
62,187593,Ryan Reynolds,1527274092
62,187593,sarcasm,1527274090
62,187595,Emilia Clarke,1528934560
62,187595,star wars,1528934552
103,296,good dialogue,1431954555
103,296,great soundtrack,1431954555
103,296,non-linear,1431954555
119,115149,action,1437763143
119,115149,killer,1437763143
119,115149,widows/widowers,1437763143
119,115617,animation,1435944890
119,115617,kids,1435944890
119,115617,robots,1435944890
119,120635,action,1438439306
119,120635,murder,1438439306
119,120635,police,1438439306
125,3052,irreverent,1474592072
125,3052,jay and silent bob,1474592004
125,3052,Kevin Smith,1474592000
125,3052,satire,1474591997
125,7254,alternate reality,1474381441
125,7254,sci-fi,1474381448
125,7254,science fiction,1474381455
125,7254,time travel,1474381439
125,8957,brutal,1474382001
125,8957,clever,1474382019
125,8957,Disturbing,1474382015
125,8957,great ending,1474381987
125,8957,mindfuck,1474381982
125,8957,surprise ending,1474381973
125,8957,suspense,1474381994
125,60950,threesome,1474591817
125,62434,Seth Rogen,1474592476
125,62434,Sexual Humor,1474592473
125,67695,Seth Rogen,1474382123
125,100083,embarassing scenes,1474377075
125,100083,offensive,1474377060
125,100083,R language,1474377035
125,100083,sarcasm,1474377015
125,100083,satire,1474381901
125,158872,Crude humor,1474382035
125,158872,mindfuck,1474382087
125,158872,sarcasm,1474382053
125,158872,satire,1474382047
125,158872,Vulgar,1474382100
132,6323,John Cusack,1161800041
132,6367,Ewan McGregor,1161799885
132,6367,Renee Zellweger,1161799951
161,52287,Something for everyone in this one... saw it without and plan on seeing it with kids!,1176498861
167,104,test tag,1154718872
177,115617,feel-good,1435523876
177,115617,fun family movie,1435523876
177,115617,very funny,1435523876
184,2579,black and white,1537094307
184,2579,Christopher Nolan,1537094326
184,2579,directorial debut,1537094323
184,2579,mindfuck,1537094375
184,2579,not linear,1537094318
184,2579,Twist Ending,1537094309
184,3793,action,1537094381
184,3793,comic book,1537094359
184,3793,hugh jackman,1537094370
184,3793,marvel,1537094366
184,3793,superhero,1537094354
184,4226,dark,1537094453
184,4226,Mindfuck,1537094464
184,4226,nonlinear,1537094445
184,4226,psychology,1537094448
184,4226,twist ending,1537094447
184,5388,atmospheric,1537094680
184,5388,insomnia,1537094688
184,5388,thought-provoking,1537094685
184,193565,anime,1537098582
184,193565,comedy,1537098587
184,193565,gintama,1537098603
184,193565,remaster,1537098592
193,4878,atmospheric,1435857150
193,4878,cult film,1435857131
193,4878,dreamlike,1435857139
193,4878,hallucinatory,1435857144
193,4878,psychological,1435857147
193,4878,surreal,1435857128
193,4878,time travel,1435857135
193,7147,dreamlike,1435857017
193,7147,sentimental,1435857038
193,7147,surreal,1435857020
193,7147,Tim Burton,1435857024
193,7361,alternate reality,1435857168
193,7361,memory,1435857171
193,7361,thought-provoking,1435857163
193,97938,cinematography,1435857101
193,97938,India,1435857092
193,97938,surreal,1435857076
256,126548,funny,1447532592
256,126548,high school,1447532575
274,68319,comic book,1241762577
289,3,moldy,1143424860
289,3,old,1143424860
289,527,moving,1143424895
289,1101,predictable,1143424846
291,50872,a clever chef rat,1453051551
291,50872,inspirational,1453051559
291,118696,hope,1453135079
300,6711,atmospheric,1425352343
305,4034,drugs,1462919721
305,6502,zombies,1525274359
305,6953,DEPRESSING,1462398032
305,8641,stupid,1520707078
305,34405,predictable,1520284921
318,778,based on a book,1266408710
318,778,dark comedy,1266408707
318,778,narrated,1266408703
318,48698,the catholic church is the most corrupt organization in history,1276006189
318,68954,adventure,1266408634
318,68954,Bechdel Test:Fail,1266408641
318,68954,cartoon,1266408638
318,68954,children,1266408643
318,68954,computer animation,1266408645
318,68954,divorce,1266408656
318,68954,dogs,1266408658
318,68954,dreams,1266408662
318,68954,Pixar,1266408675
318,81158,american idolatry,1299452954
318,82459,atmospheric,1300485463
318,82459,Coen Brothers,1300485477
318,82459,Jeff Bridges,1300485479
318,82459,Matt Damon,1300485480
318,82459,predictable,1300485405
318,111364,Creature Feature,1414693918
327,1288,music,1234790068
327,1923,Ben Stiller,1234789755
327,2616,comic book,1234789098
327,3481,music,1234788257
327,3897,music,1234788979
327,8641,awesome,1234789177
327,51255,british comedy,1234789115
336,1,pixar,1139045764
336,153,superhero,1139045840
336,1246,highschool,1139046768
336,32587,cult,1139046748
336,33660,boksdrama,1139046203
336,34162,stiller,1139046811
336,36529,wapendrama,1139046289
336,37729,animation,1139047294
336,38798,sisters,1139047262
356,2146,post-college,1229142995
356,37384,restaurant,1229142458
356,40955,transvestite,1229140689
356,61323,dark comedy,1228073481
357,39,chick flick,1348627867
357,39,funny,1348627869
357,39,Paul Rudd,1348627871
357,39,quotable,1348627873
357,39,seen more than once,1348627878
357,4370,android(s)/cyborg(s),1348628642
357,4370,artificial intelligence,1348628638
357,4370,Bittersweet,1348628628
357,4370,Steven Spielberg,1348628635
357,5464,cinematography,1348627174
357,5464,Tom Hanks,1348627179
357,7444,Mark Ruffalo,1348627960
357,7451,clever,1348627907
357,7451,High School,1348627902
357,7451,lesbian subtext,1348627909
357,54997,Christian Bale,1348627195
357,55290,Casey Affleck,1348627116
357,55290,great performances,1348627127
357,55290,twist,1348627131
357,91500,ending,1348626941
419,98961,Afghanistan,1362867327
419,98961,American propaganda,1362867290
419,98961,assassination,1362867308
419,98961,military,1362867315
419,98961,terrorism,1362867303
424,175,controversial,1457901665
424,175,New York City,1457901671
424,175,Nudity (Full Frontal),1457901668
424,223,cynical,1457844066
424,223,hilarious,1457844086
424,223,independent film,1457844084
424,223,quirky,1457844073
424,223,witty,1457844080
424,288,brutality,1457846184
424,288,controversial,1457846195
424,288,dark comedy,1457846180
424,288,psychedelic,1457846191
424,288,satire,1457846198
424,288,stylized,1457846189
424,296,cult film,1457844546
424,296,drugs,1457844550
424,296,Quentin Tarantino,1457844541
424,296,Tarantino,1457844557
424,527,thought-provoking,1457901041
424,541,sci-fi,1457900918
424,589,apocalypse,1457844854
424,589,Arnold Schwarzenegger,1457844841
424,589,nuclear war,1457844861
424,589,sci-fi,1457844847
424,589,Suspense,1457844864
424,589,time travel,1457844843
424,608,based on a true story,1457900882
424,608,dark comedy,1457900870
424,608,KIDNAPPING,1457900877
424,608,Steve Buscemi,1457900865
424,628,edward norton,1457843774
424,628,psychology,1457843776
424,628,suspense,1457843782
424,628,thought-provoking,1457843780
424,628,twist ending,1457843771
424,1089,ensemble cast,1457844739
424,1089,nonlinear,1457844742
424,1089,Quentin Tarantino,1457844729
424,1089,stylized,1457844737
424,1136,british comedy,1457901498
424,1136,Monty Python,1457901496
424,1193,emotional,1457843688
424,1193,jack nicholson,1457843684
424,1200,action,1457901258
424,1200,aliens,1457901252
424,1200,horror,1457901265
424,1200,sci-fi,1457901245
424,1200,space,1457901261
424,1200,space craft,1457901274
424,1200,SPACE TRAVEL,1457901269
424,1200,suspense,1457901256
424,1219,Alfred Hitchcock,1457902455
424,1219,psychology,1457902459
424,1219,suspenseful,1457902452
424,1219,tense,1457902461
424,1343,horror,1457846257
424,1343,Juliette Lewis,1457846244
424,1343,Martin Scorsese,1457846252
424,1343,Robert De Niro,1457846254
424,1704,inspirational,1457844971
424,1921,hallucinatory,1457902516
424,1921,mental illness,1457902477
424,1921,mindfuck,1457902518
424,1921,paranoid,1457902521
424,1923,Ben Stiller,1457846503
424,1923,crude humor,1457846506
424,1923,goofy,1457846511
424,2160,Atmospheric,1457843300
424,2160,creepy,1457843317
424,2160,paranoia,1457843298
424,2160,scary,1457843295
424,2160,suspense,1457843308
424,2329,thought-provoking,1457843729
424,2505,Nicolas Cage,1457902180
424,2959,dark comedy,1457842797
424,2959,psychology,1457842802
424,2959,thought-provoking,1457842786
424,2959,twist ending,1457842777
424,3186,asylum,1457846005
424,3186,based on a true story,1457846002
424,3186,Brittany Murphy,1457846009
424,3186,Mental Hospital,1457846012
424,3186,psychology,1457845994
424,3186,winona ryder,1457845998
424,3499,claustrophobic,1457846281
424,3499,horror,1457846287
424,3499,scary,1457846295
424,3499,stephen king,1457846291
424,3499,suspenseful,1457846279
424,3499,tense,1457846283
424,3499,thriller,1457846285
424,3527,aliens,1457901283
424,3527,sci-fi,1457901285
424,3527,scifi cult,1457901288
424,3911,satire,1457844176
424,3948,comedy,1457846488
424,3948,Robert De Niro,1457846484
424,4226,mystery,1457842983
424,4226,psychological,1457842979
424,4226,twist ending,1457842977
424,4262,Al Pacino,1457900965
424,4816,ben stiller,1457846960
424,4816,comedy,1457846970
424,4816,David Bowie,1457846952
424,4816,goofy,1457846949
424,4816,mindless one liners,1457846956
424,4816,Will Ferrell,1457846959
424,4878,jake gyllenhaal,1457901910
424,6188,comedy,1457846098
424,6188,Will Ferrell,1457846100
424,6290,Rob Zombie,1457902367
424,7361,jim carrey,1457901740
424,8641,comedy,1457846537
424,8641,Will Ferrell,1457846533
424,8950,Christian Bale,1457842841
424,8950,creepy,1457842847
424,8950,powerful ending,1457842857
424,8950,psychology,1457842844
424,8950,schizophrenia,1457842854
424,8950,twist ending,1457842837
424,27020,drugs,1457901575
424,27020,lesbian,1457901570
424,30825,Ben Stiller,1457846573
424,30825,Robert De Niro,1457846569
424,40278,Jake Gyllenhaal,1457846443
424,40278,Modern war,1457846449
424,53127,based on a play,1457923334
424,53127,conspiracy theory,1457923313
424,53127,creepy,1457923337
424,53127,Insanity,1457923284
424,53127,paranoia,1457923318
424,53127,PTSD,1457923256
424,60756,funny,1457846127
424,60756,will ferrell,1457846129
424,66097,claymation,1457844468
424,66097,creepy,1457844484
424,66097,dark,1457844475
424,66097,dark fairy tale,1457844498
424,66097,Surreal,1457844481
424,66097,Tim Burton,1457844494
424,68157,black comedy,1457844667
424,68157,Brad Pitt,1457844663
424,68157,Christoph Waltz,1457844660
424,68157,Quentin Tarantino,1457844652
424,68157,satire,1457844670
424,74458,insanity,1457843102
424,74458,Leonardo DiCaprio,1457843110
424,74458,Martin Scorsese,1457843107
424,74458,plot twist,1457843104
424,74458,psychological,1457843098
424,74458,Psychological Thriller,1457843113
424,74458,thought-provoking,1457843122
424,79132,action,1457844927
424,79132,alternate reality,1457844911
424,79132,Leonardo DiCaprio,1457844916
424,79132,sci-fi,1457844903
424,79132,thought-provoking,1457844920
424,79132,visually appealing,1457844914
424,81562,stranded,1457901404
424,81591,alter ego,1457845684
424,81591,atmospheric,1457845658
424,81591,creepy,1457845668
424,81591,horror,1457845670
424,81591,obsession,1457845677
424,81591,surreal,1457845661
424,102903,illusions,1457845623
424,102903,overcomplicated,1457845593
424,102903,predictable,1457845596
424,102903,stupid ending,1457845587
424,104879,absorbing,1457846360
424,104879,acting,1457846358
424,104879,atmospheric,1457846366
424,104879,Hugh Jackman,1457846364
424,104879,Jake Gyllenhaal,1457846355
424,104879,morality,1457846368
424,104879,mystery,1457846378
424,104879,thriller,1457846362
424,106100,Jared Leto,1457845924
424,106100,social commentary,1457845921
424,106100,uplifting,1457845933
424,109487,Christopher Nolan,1457901805
424,109487,sci-fi,1457901808
424,109487,time-travel,1457901811
424,112556,annoying,1457845088
424,112556,Stupid ending,1457845155
435,750,dark comedy,1366676044
435,2959,dark comedy,1366676088
474,1,pixar,1137206825
474,2,game,1137375552
474,5,pregnancy,1137373903
474,5,remake,1137373903
474,7,remake,1137375642
474,14,politics,1137375623
474,14,president,1137375623
474,16,Mafia,1137181640
474,17,Jane Austen,1137181153
474,21,Hollywood,1137206178
474,22,serial killer,1137375496
474,25,alcoholism,1138137555
474,26,Shakespeare,1138137603
474,28,In Netflix queue,1137201942
474,28,Jane Austen,1137180037
474,31,high school,1137375502
474,31,teacher,1137375502
474,34,Animal movie,1137180956
474,34,pigs,1137205237
474,36,death penalty,1137202363
474,36,Nun,1137191227
474,38,twins,1137373760
474,39,Emma,1138137492
474,39,Jane Austen,1138137492
474,45,Journalism,1137206826
474,46,wedding,1137375539
474,52,adoption,1137206315
474,52,prostitution,1137206371
474,92,Jekyll and Hyde,1138137574
474,101,crime,1138137460
474,104,golf,1137374014
474,107,muppets,1137375573
474,110,Scotland,1137180974
474,111,assassination,1137206513
474,122,dating,1137373679
474,150,moon,1137205234
474,150,NASA,1137180977
474,150,space,1137205233
474,153,superhero,1137375453
474,160,Michael Crichton,1137373726
474,161,submarine,1138137497
474,162,In Netflix queue,1137202038
474,215,generation X,1138040410
474,216,school,1137373675
474,223,generation X,1138137480
474,224,mental illness,1138137516
474,224,psychology,1138137516
474,230,Stephen King,1138137506
474,235,movie business,1137181651
474,247,Australia,1137181666
474,252,Einstein,1137374021
474,261,Louisa May Alcott,1137181688
474,277,Christmas,1137374027
474,282,disability,1137375594
474,282,twins,1137375594
474,296,hit men,1137205001
474,300,TV,1137206376
474,316,time travel,1138137673
474,329,Enterprise,1137206491
474,337,mental illness,1137206828
474,338,serial killer,1137375662
474,339,coma,1138137781
474,349,Tom Clancy,1137180961
474,351,interracial romance,1137374008
474,356,shrimp,1137375519
474,356,Vietnam,1137375519
474,357,wedding,1137375527
474,361,gambling,1138137551
474,377,bus,1137206476
474,380,spies,1137206826
474,421,horses,1138040415
474,440,President,1137191329
474,474,assassination,1138137543
474,475,Ireland,1137181677
474,477,biopic,1138137776
474,480,Dinosaur,1137202921
474,488,Japan,1137375570
474,488,sexuality,1137375570
474,497,Shakespeare,1137181143
474,500,cross dressing,1137374959
474,500,divorce,1137374961
474,500,men in drag,1137374967
474,508,AIDs,1137375634
474,524,football,1137375002
474,527,Holocaust,1137180970
474,535,large cast,1137206471
474,538,race,1138137665
474,539,Empire State Building,1137203041
474,541,robots,1137375464
474,543,beat poetry,1137203057
474,562,adolescence,1137206827
474,586,christmas,1137374182
474,587,overrated,1137180951
474,588,Disney,1137180971
474,589,robots,1137206517
474,590,American Indians,1137180976
474,590,Native Americans,1137180976
474,592,superhero,1137206164
474,594,Disney,1137375648
474,595,Disney,1137180963
474,596,Disney,1137374224
474,597,prostitution,1137206324
474,608,Coen Brothers,1137180968
474,628,priest,1137375884
474,647,Gulf War,1137375718
474,648,based on a TV show,1138137584
474,673,Bugs Bunny,1137373978
474,736,Disaster,1137180960
474,750,Atomic bomb,1137202888
474,778,drug abuse,1137191490
474,800,In Netflix queue,1137201974
474,832,kidnapping,1137374242
474,838,Jane Austen,1137375748
474,852,golf,1137374262
474,899,movie business,1137181713
474,902,Capote,1138137849
474,903,falling,1137205255
474,904,voyeurism,1137206380
474,905,Screwball,1137202499
474,906,Brooch,1137191231
474,908,Mount Rushmore,1138137968
474,910,men in drag,1137191481
474,911,heist,1138306780
474,912,start of a beautiful friendship,1137202319
474,914,George Bernard Shaw,1137202973
474,915,rich guy - poor girl,1137206449
474,916,Italy,1137206429
474,916,royalty,1137206429
474,918,1900s,1138137949
474,920,Civil War,1137374145
474,923,Rosebud,1137202868
474,924,Hal,1137368035
474,924,space,1137368035
474,926,Hollywood,1137202821
474,928,Mrs. DeWinter,1137202590
474,929,Europe,1140441887
474,929,journalism,1140441887
474,929,war,1140441887
474,930,assassination,1137207035
474,931,amnesia,1138137999
474,934,wedding,1137375767
474,936,Cold War,1137521228
474,936,Russia,1137521228
474,938,prostitution,1137374937
474,944,Shangri-La,1137207008
474,945,Astaire and Rogers,1137181301
474,947,butler,1137521096
474,947,homeless,1137521096
474,947,screwball,1137521103
474,948,oil,1137206938
474,951,Screwball,1137202906
474,952,race,1137375685
474,953,Christmas,1138137927
474,954,Politics,1137202956
474,955,leopard,1137368052
474,955,screwball,1137368052
474,968,zombies,1137181787
474,971,Tennessee Williams,1138137870
474,973,journalism,1138306956
474,986,Animal movie,1137181755
474,991,Ireland,1137375821
474,1022,Disney,1137181749
474,1028,Disney,1137375815
474,1028,nanny,1137375815
474,1029,Disney,1137375741
474,1030,Disney,1137374219
474,1032,Disney,1137374073
474,1041,In Netflix queue,1137201463
474,1042,Music,1137203070
474,1081,cross dressing,1138138013
474,1084,1920s,1138137844
474,1084,gangsters,1138137844
474,1088,dance,1138306856
474,1088,music,1138306856
474,1089,heist,1137207100
474,1089,violence,1137207100
474,1090,Vietnam,1138137990
474,1096,Holocaust,1137375015
474,1097,aliens,1137521204
474,1101,Navy,1138138004
474,1103,1950s,1137207088
474,1103,adolescence,1137207088
474,1124,aging,1137207041
474,1136,England,1137202949
474,1136,King Arthur,1137202949
474,1178,court,1137521169
474,1178,military,1137521169
474,1188,Australia,1137202649
474,1188,dance,1137202649
474,1193,mental illness,1138137985
474,1200,space,1138137801
474,1203,court,1137206845
474,1204,Middle East,1137206997
474,1207,Harper Lee,1137191542
474,1207,racism,1137191542
474,1208,Vietnam,1138137816
474,1214,aliens,1137766234
474,1217,samurai,1137207077
474,1219,Norman Bates,1137203028
474,1222,Vietnam,1137181761
474,1224,Shakespeare,1137181778
474,1225,Mozart,1137181247
474,1225,Salieri,1137181247
474,1228,boxing,1137375891
474,1230,New York,1137206872
474,1235,May-December romance,1137206961
474,1242,Civil War,1137181272
474,1244,black and white,1138306904
474,1245,Mafia,1137375832
474,1246,High School,1137191334
474,1252,incest,1137521080
474,1257,skiing,1137375698
474,1259,Stephen King,1137181838
474,1260,serial killer,1137207017
474,1266,revenge,1138031666
474,1269,murder,1138137828
474,1270,time travel,1137202832
474,1272,World War II,1137181795
474,1276,prison,1137520930
474,1277,In Netflix queue,1137201859
474,1278,spoof,1138031675
474,1282,Disney,1137375752
474,1283,gunfight,1138306895
474,1285,high school,1137368062
474,1288,heavy metal,1137368105
474,1288,mockumentary,1137368105
474,1288,music,1137368105
474,1291,archaeology,1137206982
474,1291,Holy Grail,1137206982
474,1292,television,1137206878
474,1293,India,1137191587
474,1301,Shakespeare sort of,1138306870
474,1301,space,1138306870
474,1302,baseball,1138137903
474,1304,crime,1138137854
474,1307,New York,1137202686
474,1343,remake,1137181261
474,1344,lawyer,1137202856
474,1345,high school,1137784649
474,1345,prom,1137784649
474,1345,Stephen King,1137784649
474,1354,religion,1137202850
474,1356,Borg,1137202633
474,1361,In Netflix queue,1137201059
474,1367,dogs,1137374063
474,1367,remake,1137374063
474,1372,Klingons,1137203064
474,1374,Captain Kirk,1138031870
474,1376,whales,1137368320
474,1377,superhero,1137374089
474,1380,high school,1137368225
474,1381,high school,1137374154
474,1387,Shark,1137202913
474,1389,shark,1137373926
474,1393,sports,1137205489
474,1394,Coen Brothers,1137181415
474,1396,spying,1138031853
474,1398,Hemingway,1137374949
474,1407,slasher,1138031814
474,1407,spoof,1138031814
474,1411,Shakespeare,1137191597
474,1416,Andrew Lloyd Weber,1137374117
474,1441,mental illness,1137375694
474,1449,mockumentary,1137368329
474,1466,Mafia,1137191577
474,1485,lawyer,1137375802
474,1496,Tolstoy,1137191560
474,1500,hit men,1137368241
474,1500,reunion,1137368241
474,1542,In Netflix queue,1137202048
474,1569,weddings,1138031775
474,1573,transplants,1137205452
474,1586,military,1137374138
474,1608,president,1137375681
474,1617,Police,1137191242
474,1645,lawyers,1137374095
474,1653,future,1137205460
474,1663,military,1137375949
474,1674,Amish,1137521041
474,1680,alternate universe,1138031846
474,1711,Savannah,1137374207
474,1717,sequel,1138031833
474,1717,slasher,1138031824
474,1717,spoof,1138031824
474,1721,shipwreck,1138031879
474,1735,Charles Dickens,1137374163
474,1748,amnesia,1138031699
474,1797,In Netflix queue,1137201971
474,1912,heist,1138031795
474,1913,Australia,1137191654
474,1917,space,1137373862
474,1921,mathematics,1138031797
474,1931,ships,1138031771
474,1940,anti-Semitism,1137368219
474,1940,Judaism,1137368219
474,1942,Huey Long,1137201047
474,1942,In Netflix queue,1137201047
474,1942,Robert Penn Warren,1137201047
474,1945,boxing,1137191644
474,1945,coulda been a contender,1137191644
474,1947,Gangs,1137202674
474,1950,racism,1137520942
474,1951,Dickens,1137191634
474,1952,prostitution,1138031755
474,1954,boxing,1137191671
474,1954,sports,1137191671
474,1955,divorce,1137181397
474,1957,Olympics,1137181069
474,1957,sports,1137181069
474,1959,adultery,1138031923
474,1959,Africa,1138031923
474,1961,autism,1137191663
474,1962,rasicm,1137368186
474,1975,Jason,1137374129
474,1979,Jason,1137373625
474,1983,halloween,1137374175
474,1984,halloween,1137374180
474,1994,ghosts,1138031804
474,1995,ghosts,1137374228
474,1996,ghosts,1137373825
474,2011,time travel,1137374084
474,2020,adultery,1137368176
474,2028,World War II,1137180952
474,2054,Disney,1138032013
474,2064,General Motors,1138032156
474,2064,Michigan,1138032156
474,2066,memory,1138032133
474,2076,sexuality,1137418851
474,2076,suburbia,1137418851
474,2080,Disney,1138032086
474,2097,carnival,1138559451
474,2097,Ray Bradbury,1138559451
474,2100,mermaid,1137191808
474,2115,archaeology,1137784519
474,2121,Stephen King,1137374355
474,2122,Stephen King,1137373696
474,2145,1980s,1138032148
474,2145,high school,1138032148
474,2160,demons,1138032159
474,2167,vampires,1137374320
474,2186,murder,1137205604
474,2187,theater,1140467428
474,2202,survival,1137205513
474,2203,small towns,1138032173
474,2206,paranoia,1137205610
474,2243,journalism,1137205380
474,2247,Mafia,1137374432
474,2248,In Your Eyes,1137202613
474,2248,Lloyd Dobbler,1137202613
474,2291,freaks,1137205437
474,2302,court,1137374439
474,2312,death penalty,1137374919
474,2329,racism,1138031951
474,2336,England,1137191737
474,2396,England,1137191800
474,2410,boxing,1137374485
474,2411,boxing,1137373840
474,2412,boxing,1137373964
474,2424,e-mail,1137202717
474,2424,remake,1137202717
474,2431,doctors,1137373812
474,2463,kidnapping,1137374497
474,2470,Australia,1137374348
474,2471,Australia,1137373731
474,2502,stapler,1138032123
474,2502,workplace,1138032129
474,2517,Stephen King,1137373705
474,2529,twist ending,1138032140
474,2553,evil children,1138038893
474,2572,Shakespeare sort of,1137374893
474,2579,black and white,1138032056
474,2581,high school,1138032122
474,2600,virtual reality,1138031996
474,2612,motherhood,1138032112
474,2628,prequel,1138032197
474,2628,the Force,1138032197
474,2640,superhero,1138032200
474,2641,superhero,1138032201
474,2642,superhero,1137373986
474,2648,In Netflix queue,1137200966
474,2664,1950s,1138032017
474,2677,In Netflix queue,1137202023
474,2699,spiders,1137373650
474,2712,sexuality,1138032003
474,2717,Ghosts,1137373633
474,2723,superhero,1137205533
474,2728,crucifixion,1137520905
474,2728,Rome,1137520896
474,2728,slavery,1137520896
474,2750,nostalgia,1137443255
474,2750,radio,1137443255
474,2787,Stephen King,1137374342
474,2791,aviation,1138031941
474,2791,spoof,1138031941
474,2797,children,1138032265
474,2871,river,1138032293
474,2872,England,1137191745
474,2872,King Arthur,1137191745
474,2915,prostitution,1137374478
474,2918,High School,1137191753
474,2927,adultery,1138032272
474,2939,In Netflix queue,1137202140
474,2940,nightclub,1138032341
474,2943,Vietnam,1138804253
474,2959,violence,1137205034
474,2968,time travel,1138032520
474,3007,In Netflix queue,1137201930
474,3030,samurai,1138032553
474,3039,class,1138032532
474,3040,camp,1137373789
474,3044,memory,1137202357
474,3044,music,1137202357
474,3052,religion,1137191859
474,3071,high school,1137375023
474,3072,New York,1137191274
474,3081,Ichabod Crane,1137374535
474,3087,christmas,1137271226
474,3087,new york,1137271222
474,3101,adultery,1138032312
474,3114,Pixar,1138032529
474,3160,L.A.,1137202527
474,3174,Andy Kaufman,1137191943
474,3175,spoof,1138032315
474,3181,Shakespeare,1137179352
474,3210,high school,1137374381
474,3247,nuns,1137374526
474,3250,In Netflix queue,1137202163
474,3258,plastic surgery,1137375095
474,3259,Ireland,1137375116
474,3260,E.M. Forster,1137181368
474,3263,basketball,1137374566
474,3273,slasher,1138032428
474,3273,spoof,1138032428
474,3307,blind,1137205412
474,3330,adolescence,1138032469
474,3330,sexuality,1138032498
474,3341,remade,1138032286
474,3385,Peace Corp,1137374553
474,3386,politics,1137191934
474,3386,president,1137191934
474,3408,scandal,1138032304
474,3408,true story,1138032304
474,3420,lawyers,1137375055
474,3421,college,1137374581
474,3421,TOGA,1137374587
474,3424,racism,1137191865
474,3435,Insurance,1137520877
474,3451,Hepburn and Tracy,1137181361
474,3451,interracial marriage,1137205479
474,3451,prejudice,1137205481
474,3451,racism,1137205477
474,3461,island,1138032377
474,3462,factory,1137205526
474,3481,Nick Hornby,1137181093
474,3489,Peter Pan,1137191920
474,3498,In Netflix queue,1137201900
474,3504,journalism,1137191950
474,3512,transplants,1137205572
474,3526,families,1138032724
474,3536,priest,1137181376
474,3536,rabbi,1137181376
474,3546,show business,1138032886
474,3548,1920s,1137205331
474,3552,golf,1137374630
474,3559,In Netflix queue,1137202015
474,3608,Pee Wee Herman,1138032732
474,3675,Christmas,1137205636
474,3676,In Netflix queue,1137202167
474,3683,Coen Brothers,1137521124
474,3723,Shakespeare,1137191908
474,3735,police,1138032794
474,3793,superhero,1137205670
474,3801,court,1137191841
474,3811,court,1138032584
474,3844,diabetes,1137375348
474,3877,superhero,1137374791
474,3897,journalism,1137205322
474,3897,music,1137205322
474,3897,Rolling Stone,1137205322
474,3910,blindness,1138032613
474,3910,factory,1138032613
474,3911,Dogs,1137181343
474,3949,drug abuse,1137192093
474,3967,ballet,1137191989
474,3994,superhero,1137205619
474,4007,business,1138032878
474,4012,stand-up comedy,1137374767
474,4019,writing,1138032630
474,4025,pageant,1137374719
474,4027,bluegrass,1137520959
474,4034,based on a TV show,1137784729
474,4191,sexuality,1138032573
474,4204,virginity,1137373770
474,4210,Hannibal Lecter,1139059882
474,4210,serial killer,1139059887
474,4211,von Bulow,1137192103
474,4214,college,1137374771
474,4218,In Netflix queue,1137202093
474,4226,Backwards. memory,1137191263
474,4232,spying,1138032824
474,4246,singletons,1137205374
474,4296,death,1137374704
474,4306,fairy tales,1137205586
474,4326,race,1137375204
474,4326,rasicm,1137375204
474,4333,Strangers on a Train,1138032832
474,4356,In Netflix queue,1137201794
474,4361,men in drag,1138032838
474,4370,robots,1137205306
474,4447,lawyers,1138032674
474,4476,twins,1137374622
474,4489,Africa,1137766266
474,4489,immigrants,1137374636
474,4526,aliens,1137373948
474,4537,hippies,1137205576
474,4545,robots,1137374781
474,4558,twins,1137374798
474,4571,time travel,1137205348
474,4621,babies,1137374699
474,4623,baseball,1137374712
474,4638,dinosaurs,1137374692
474,4639,Hollywood,1137375071
474,4639,movie business,1137375071
474,4641,adolescence,1138032652
474,4677,dogs,1137373991
474,4678,television,1138032842
474,4787,prodigies,1138032687
474,4809,Nuclear disaster,1137367824
474,4809,union,1137367824
474,4812,NASA,1137374786
474,4812,space,1137374786
474,4823,wedding,1138032791
474,4835,Loretta Lynn,1137192003
474,4857,Judaism,1138039170
474,4857,Tradition!,1137192017
474,4874,aliens,1137375186
474,4874,psychiatrist,1137375186
474,4878,time travel,1137205781
474,4920,psychology,1138039319
474,4963,heist,1138039322
474,4969,In Netflix queue,1137179563
474,4980,time travel,1138039109
474,5008,Agatha Christie,1138039430
474,5008,court,1138039430
474,5012,cross dressing,1138039463
474,5012,Judaism,1138039463
474,5015,race,1138039271
474,5064,Dumas,1138039163
474,5064,revenge,1138039163
474,5120,In Netflix queue,1137200871
474,5266,crime,1138039345
474,5294,religion,1138039177
474,5349,superhero,1137206068
474,5377,Nick Hornby,1137181073
474,5445,future,1137206007
474,5470,Oscar Wilde,1137181530
474,5475,In Netflix queue,1137201978
474,5502,aliens,1137206065
474,5527,AS Byatt,1138039372
474,5527,books,1138039372
474,5528,photography,1138039335
474,5528,psychopaths,1138039335
474,5630,Hannibal Lecter,1139059884
474,5669,violence in america,1138039133
474,5673,pudding,1137206033
474,5685,Girl Power,1137206048
474,5747,World War I,1137181512
474,5791,art,1138039181
474,5816,Magic,1137205882
474,5816,Wizards,1137205882
474,5899,Africa,1137442538
474,5954,crime,1138039070
474,5954,nightclub,1138039070
474,5989,crime,1138039137
474,5991,court,1138039145
474,5991,jazz,1138039140
474,5991,murder,1138039142
474,6002,drugs,1138307168
474,6002,planes,1138307168
474,6002,widows/widowers,1138307168
474,6003,television,1138307058
474,6031,motherhood,1138039234
474,6031,race,1138039234
474,6063,doll,1137375194
474,6156,England,1138307301
474,6183,Day and Hudson,1138039366
474,6183,sexuality,1138039366
474,6197,mental illness,1138307351
474,6218,soccer,1138039102
474,6238,immigrants,1138307096
474,6245,prostitution,1138307361
474,6273,L.A.,1137521025
474,6281,crime,1138307249
474,6297,children,1138307101
474,6305,Ray Bradbury,1137181490
474,6331,spelling bee,1138039807
474,6367,retro,1138039562
474,6373,religion,1137375076
474,6377,Disney,1138039593
474,6377,fish,1138039593
474,6380,child abuse,1137205738
474,6385,Girl Power,1137202810
474,6422,Civil War,1138039799
474,6440,movie business,1138307037
474,6502,zombies,1137181462
474,6516,In Netflix queue,1137202127
474,6535,politics,1137374839
474,6536,swashbuckler,1138307326
474,6539,swashbuckler,1138307257
474,6565,horses,1138307288
474,6579,Japan,1138307236
474,6620,cancer,1137205715
474,6639,blindness,1138307381
474,6650,family,1138039708
474,6650,multiple roles,1138039708
474,6650,murder,1138039708
474,6669,terminal illness,1138039639
474,6708,con men,1138307183
474,6708,fatherhood,1138307183
474,6711,Japan,1138307143
474,6724,In Netflix queue,1137201684
474,6732,matchmaker,1137375130
474,6753,Animal movie,1138307295
474,6770,adultery,1138307212
474,6770,terminal illness,1138307212
474,6776,India,1137181544
474,6785,Lonesome Polecat,1137206059
474,6787,journalism,1138039529
474,6787,Watergate,1138039529
474,6807,british comedy,1138307193
474,6810,domestic violence,1138307335
474,6820,werewolf,1138039608
474,6832,amnesia,1138307274
474,6852,black and white,1138307125
474,6852,Capote,1138307125
474,6852,crime,1138307125
474,6852,death penalty,1138307125
474,6852,murder,1138307125
474,6863,school,1138307284
474,6870,child abuse,1138307224
474,6870,kidnapping,1138307224
474,6874,martial arts,1138039672
474,6874,revenge,1138039672
474,6890,adolescence,1138039574
474,6890,violence in america,1138039574
474,6932,journalism,1137181582
474,6936,christmas,1138039581
474,6944,remake,1137374824
474,6944,wedding,1137374824
474,6979,Cold War,1138039874
474,6993,family,1138039618
474,7018,court,1137375276
474,7018,Scott Turow,1137375276
474,7053,Astaire and Rogers,1138039791
474,7055,Astaire and Rogers,1138039819
474,7070,cattle drive,1138039780
474,7091,Marx brothers,1138559500
474,7121,Hepburn and Tracy,1137181204
474,7160,serial killer,1138039725
474,7162,Civil War,1138039548
474,7190,Charlotte Bronte,1140047502
474,7212,cross dressing,1138039664
474,7212,men in drag,1138039664
474,7217,amnesia,1137521621
474,7285,adolescence,1138039837
474,7361,memory,1137205808
474,7371,Grace,1137205800
474,7438,revenge,1137205948
474,7451,High School,1137205962
474,7614,Rogers and Hammerstein,1138040199
474,7618,biopic,1137201647
474,7618,In Netflix queue,1137201648
474,7649,space station,1138039958
474,7713,sexuality,1138040011
474,7831,Nick and Nora Charles,1137201638
474,7833,Nick and Nora Charles,1137201661
474,7834,Nick and Nora Charles,1137200666
474,7835,Nick and Nora Charles,1137201747
474,7934,psychology,1138040275
474,7983,show business,1138039989
474,8033,In Netflix queue,1137200492
474,8094,In Netflix queue,1137179631
474,8167,swashbuckler,1138040004
474,8191,Anne Boleyn,1138039949
474,8197,In Netflix queue,1137202144
474,8235,Clock,1137202793
474,8266,Prince,1137375433
474,8338,convent,1138039973
474,8338,religion,1138039973
474,8341,Dickens,1137200651
474,8360,ogres,1138040236
474,8366,pregnancy,1138040220
474,8366,religion,1138040220
474,8368,Magic,1137202784
474,8368,Wizards,1137202784
474,8376,high school,1138040176
474,8382,death,1137375392
474,8464,food,1138040254
474,8464,McDonalds,1138040254
474,8507,circus,1138040090
474,8580,fairy tales,1137201021
474,8580,In Netflix queue,1137201021
474,8607,In Netflix queue,1137201077
474,8609,In Netflix queue,1137179727
474,8622,politics,1138040083
474,8622,terrorism,1138040083
474,8636,Doc Ock,1137202798
474,8638,generation X,1138039967
474,8765,In Netflix queue,1137179707
474,8784,psychology,1138040105
474,8838,In Netflix queue,1137179758
474,8874,zombies,1138040225
474,8879,Agatha Christie,1145755135
474,8879,Oscar (Best Supporting Actress),1145755138
474,8879,train,1145755140
474,8880,disability,1138040162
474,8914,time travel,1138040211
474,8949,wine,1138040242
474,8950,psychology,1138040138
474,8958,biopic,1138040214
474,8970,Peter Pan,1138040086
474,25825,revenge,1137205843
474,25886,made me cry,1137206038
474,26085,Not available from Netflix,1137179665
474,26151,donkey,1145749895
474,26242,In Netflix queue,1137179570
474,30707,boxing,1138040320
474,30749,genocide,1137205917
474,30793,roald dahl,1138038979
474,30822,busniess,1137205938
474,33154,business,1137766122
474,33154,money,1137766122
474,33154,scandal,1137766123
474,33166,racism,1138038982
474,33493,space,1137206087
474,33493,space opera,1137206087
474,33660,boxing,1137201602
474,34271,hip hop,1141848751
474,34405,Firefly,1137181624
474,34437,In Netflix queue,1137179720
474,34542,Animal movie,1138039000
474,34542,bears,1138039000
474,36535,In Netflix queue,1137201162
474,37729,06 Oscar Nominated Best Movie - Animation,1139059938
474,37736,Dickens,1139940656
474,37741,Truman Capote,1142996187
474,38061,In Netflix queue,1137179624
474,39234,courtroom drama,1140576326
474,39234,In Netflix queue,1137202089
474,39292,In Netflix queue,1137201595
474,39292,journalism,1137201595
474,39292,McCarthy hearings,1137201595
474,39292,Morrow,1137201595
474,40583,In Netflix queue,1137200527
474,40629,In Netflix queue,1137179797
474,40815,Magic,1137202776
474,40815,Wizards,1137202776
474,40819,Johnny Cash,1137200595
474,41997,In Netflix queue,1137179603
477,34,villain nonexistent or not needed for good story,1244787845
477,104,Adam Sandler,1244787691
477,216,Adam Sandler,1244787718
477,216,stop looking at me swan,1244787726
477,541,androids,1262795764
477,541,artificial intelligence,1262795769
477,541,atmospheric,1262795768
477,541,cyberpunk,1262795770
477,541,future,1262795772
477,541,mindfuck,1262795778
477,541,Philip K. Dick,1262795776
477,589,Scifi masterpiece,1201166474
477,750,black comedy,1242494959
477,750,dark comedy,1242494953
477,750,satire,1242494951
477,832,GIVE ME BACK MY SON!,1269832636
477,832,It was melodramatic and kind of dumb,1269832633
477,832,Mel Gibson,1269832629
477,903,Alfred Hitchcock,1242577125
477,903,Atmospheric,1242577135
477,903,imdb top 250,1242577117
477,903,James Stewart,1242577112
477,904,imdb top 250,1242577077
477,904,James Stewart,1242577056
477,904,mystery,1242577064
477,904,photographer,1242577068
477,904,photography,1242577070
477,908,Alfred Hitchcock,1242577097
477,908,imdb top 250,1242577100
477,1089,humorous,1242494883
477,1089,neo-noir,1242494879
477,1089,Quentin Tarantino,1242494874
477,1089,religion,1242494896
477,1089,Tarantino,1242494887
477,1219,Alfred Hitchcock,1242577153
477,1219,black and white,1242577173
477,1219,imdb top 250,1242577161
477,1219,remade,1242577165
477,1222,anti-war,1242494925
477,1274,animation,1244787931
477,1274,anime,1244787929
477,1274,visually stunning,1244787944
477,2393,cameo:Whoopi Goldberg,1242278473
477,2393,space opera,1242278463
477,2393,Star Trek,1242278464
477,2694,Adam Sandler,1244787788
477,2706,best comedy,1244707216
477,2706,Chris Klein,1244707221
477,2706,dumb,1244707211
477,2706,Jason Biggs,1244707223
477,2706,not funny,1244707227
477,2706,pizza beer,1244707207
477,2706,Seann William Scott,1244707224
477,2706,teen,1244707202
477,3527,aliens,1278683918
477,3527,Arnold Schwarzenegger,1269832592
477,3527,dialogue,1269832605
477,3527,guns,1278683912
477,3527,Jesse Ventura,1269832593
477,3527,macho,1269832597
477,3527,sci-fi,1269832609
477,3527,scifi cult,1269832612
477,3994,atmospheric,1241396301
477,3994,comics,1241396280
477,3994,father-son relationship,1241396313
477,3994,mindfuck,1241396308
477,3994,unique,1241396293
477,4226,mystery,1256051072
477,4226,twist ending,1256051079
477,4454,claymation,1245030193
477,4454,creativity,1245030187
477,4454,dystopia,1245030190
477,4454,free to download,1245030175
477,4454,imagination,1245030178
477,4454,no dialogue,1245030196
477,4454,social commentary,1245030185
477,4725,mental hospital,1252820163
477,4725,psychology,1252820170
477,4725,suspense,1252820168
477,4725,Well Done,1252820180
477,4878,dreamlike,1242494462
477,4878,hallucinatory,1242494486
477,4878,mental illness,1242494483
477,4878,psychology,1242494469
477,4878,social commentary,1242494478
477,4878,teen,1242494496
477,4878,thought-provoking,1242494462
477,7361,cult film,1242494340
477,7361,imagination,1256051047
477,7361,Jim Carrey,1242494357
477,7361,love,1256051045
477,7361,surreal,1256051041
477,41569,big budget,1262795959
477,45499,Halle Berry,1262795979
477,45499,Hugh Jackman,1262795972
477,45730,bad,1242580531
477,45730,disappointing,1242580521
477,45730,faerie tale,1242580526
477,45730,fairy tale,1242580523
477,45730,far fetched,1242580497
477,45730,M. Night Shyamalan,1242580504
477,45730,Paul Giamatti,1242580508
477,54503,friendship,1244566102
477,54503,high school,1244566117
477,54503,Michael Cera,1244566094
477,54503,nerds,1244566133
477,54503,self discovery,1244566119
477,54503,shenanigans,1244566122
477,54503,virginity,1244566127
477,56174,alone in the world,1262795676
477,56174,apocalypse,1262795677
477,56174,based on a book,1262795681
477,56174,last man on earth,1262795684
477,56174,plot holes,1262795671
477,56174,Post apocalyptic,1262795695
477,56174,post-apocalyptic,1262795699
477,56174,religion,1262795669
477,56174,vampire,1262795702
477,56367,Michael Cera,1244566158
477,56367,notable soundtrack,1244566156
477,56367,pregnancy,1244566154
477,56367,teenage pregnancy,1244566153
477,56367,witty,1244566176
477,57669,black comedy,1269832562
477,57669,Colin Farrell,1269832561
477,57669,dark comedy,1269832559
477,57669,drugs,1269832564
477,57669,friendship,1269832567
477,57669,irreverent,1269832579
477,57669,Ralph Fiennes,1269832572
477,57669,stylized,1269832574
477,60069,last man on earth,1241396252
477,60069,love story,1241396256
477,60069,Post apocalyptic,1241396239
477,60069,social commentary,1241396236
477,61323,Brad Pitt,1269832483
477,61323,Coen Bros,1269832486
477,61323,Coen Brothers,1269832484
477,61323,dark comedy,1269832488
477,61323,espionage,1269832491
477,61323,George Clooney,1269832490
477,61323,John Malkovich,1269832492
477,61323,satire,1269832497
477,61323,twists & turns,1269832504
477,61323,weird,1269832501
477,67087,Andy Samberg,1269833868
477,67087,bromance,1269833887
477,67087,bromantic,1269833884
477,67087,comedy,1269833878
477,67087,Jaime Pressly,1269833873
477,67087,Jason Segel,1269833863
477,67087,masculinity,1269833871
477,67087,Paul Rudd,1269833866
477,68237,2001-like,1252898614
477,68237,Sci-fi,1252898620
477,68237,solitude,1252898625
477,68319,bad plot,1262795886
477,68319,comic book,1241938912
477,68319,hugh jackman,1262795892
477,68319,Ryan Reynolds,1262795891
477,68319,too many characters,1241941484
477,68358,future,1245030304
477,68358,lack of development,1262795924
477,68358,lack of story,1262795926
477,68358,quick cuts,1245030309
477,68358,sci-fi,1262795933
477,68358,Simon Pegg,1245030316
477,68358,space,1262795932
477,68358,space travel,1262795931
477,68358,time travel,1262795929
477,68791,artificial intelligence,1262795849
477,68791,bad acting,1262795862
477,68791,bad plot,1262795842
477,68791,bad script,1262795859
477,68791,Christian Bale,1262795846
477,68791,FIGHTING THE SYSTEM,1262795852
477,68791,franchise,1262795875
477,68791,new composer,1243401981
477,68791,post-apocalyptic,1262795854
477,68791,robots,1243401992
477,68791,sci-fi,1262795871
477,68791,sequel,1262795873
477,69526,bad plot,1262795720
477,69526,Michael Bay,1262795729
477,69526,needed more autobots,1246346162
477,69526,plot holes,1262795732
477,69526,ridiculous,1262795737
477,69526,Shia LaBeouf,1246346172
477,69526,stop using useless characters for filler,1246346159
477,69757,artistic,1279956134
477,69757,Funny,1279956141
477,69757,humorous,1279956124
477,69757,inspiring,1279956130
477,69757,intelligent,1279956132
477,69757,quirky,1279956145
477,69757,romance,1279956123
477,69757,Zooey Deschanel,1279956120
477,70286,intelligent sci-fi,1250476969
477,72998,bad science,1262707524
477,72998,futuristic,1262707531
477,72998,graphic design,1262707532
477,72998,James Cameron,1262707536
477,72998,military,1262707534
477,72998,poor dialogue,1262707537
477,72998,sci-fi,1262707551
477,72998,superficial plot,1262707525
477,72998,unoriginal,1262794416
477,72998,white guilt,1262707542
477,79132,dreamlike,1280608188
477,79132,surreal,1280608178
477,79132,visually appealing,1280608181
477,79702,geeky,1282923864
477,79702,Michael Cera,1282923853
477,79702,stylized,1282923856
477,79702,video games,1282923860
487,112552,passion,1429347541
487,112552,psychological,1429347541
487,112552,suspense,1429347541
506,112552,jazz,1424487178
506,112552,music,1424487178
506,112552,tense,1424487178
513,750,purity of essence,1159980456
513,750,Slim Pickens,1159980456
513,6787,Deep Throat,1159980769
520,3039,Dan Aykroyd,1326608424
520,60516,enjoyable,1326610782
533,356,bubba gump shrimp,1424753866
533,356,lieutenant dan,1424753866
533,356,stupid is as stupid does,1424753866
537,527,based on a true story,1424142072
537,527,biography,1424142112
537,527,disturbing,1424142113
537,527,holocaust,1424142110
537,1721,romance,1424141922
537,2329,edward norton,1424141449
537,2329,emotional,1424141459
537,2329,politics,1424141461
537,3949,depressing,1424141547
537,3949,psychology,1424141551
537,5989,cheating,1424139697
537,5989,intelligent,1424139627
537,5989,Leonardo DiCaprio,1424139605
537,5989,lies,1424139629
537,5989,smart,1424139670
537,5989,Tom Hanks,1424139608
537,5989,twists & turns,1424139659
537,55765,corruption,1424139519
537,55765,Denzel Washington,1424139515
537,55765,mafia,1424139559
537,55765,organized crime,1424139529
537,72998,beautiful scenery,1424140229
537,72998,graphic design,1424140242
537,72998,music,1424140259
537,72998,politics,1424140263
537,72998,romance,1424140252
537,72998,thought-provoking,1424140286
537,72998,too long,1424140237
537,72998,visually stunning,1424140233
537,79132,big budget,1424140151
537,79132,clever,1424140142
537,79132,complicated,1424140133
537,79132,dead wife,1424140200
537,79132,great soundtrack,1424140118
537,79132,heist,1424140154
537,79132,intellectual,1424140159
537,79132,mindfuck,1424140185
537,79132,philosophy,1424140124
537,79132,psychological,1424140165
537,79132,psychology,1424140162
537,79132,suspense,1424140144
537,79132,thought-provoking,1424140130
537,80906,business,1424461859
537,80906,corruption,1424461848
537,80906,economics,1424461852
537,80906,investor corruption,1424461854
537,80906,politics,1424461849
537,80906,truth,1424461857
537,90439,bank,1424141059
537,90439,big corporations,1424138651
537,90439,business,1424138635
537,90439,corruption,1424138654
537,90439,financial crisis,1424138667
537,90439,Kevin Spacey,1424138645
537,90439,realistic,1424138641
537,90439,suspense,1424141005
537,90439,Wall Street,1424141052
537,95441,crude humor,1424140358
537,97304,cia,1424138568
537,97304,politics,1424138581
537,97304,Thrilling,1424138560
537,99114,Soundtrack,1424140415
537,104218,Adam Sandler,1424317302
537,104841,cliche characters,1424140813
537,104841,long shots,1424140806
537,104841,predictable,1424140784
537,104841,Simple,1424140794
537,104841,slow action,1424140827
537,104841,visually appealing,1424140838
537,105504,hostage,1424141178
537,105504,ocean,1424141170
537,105504,suspense,1424141149
543,85565,Comedy,1377022063
567,1,fun,1525286013
567,101,off-beat comedy,1525287216
567,101,quirky,1525287214
567,356,bittersweet,1525287545
567,356,emotional,1525287537
567,356,heartwarming,1525287541
567,356,touching,1525287539
567,541,atmospheric,1525286590
567,541,dreamlike,1525286588
567,541,existentialism,1525286583
567,541,philosophical,1525286586
567,750,black comedy,1525287727
567,750,dark comedy,1525287724
567,750,Quirky,1525287729
567,1203,claustrophobic,1525283652
567,1203,confrontational,1525283610
567,1203,earnest,1525283658
567,1203,good dialogue,1525283605
567,1203,great screenplay,1525283612
567,1203,gritty,1525283636
567,1203,Motivational,1525283631
567,1203,thought-provoking,1525283607
567,1260,atmospheric,1525285649
567,1260,chilly,1525285661
567,1260,creepy,1525285667
567,1260,menacing,1525285665
567,1260,mental illness,1525285654
567,1260,oninous,1525285670
567,1653,intelligent,1525287116
567,1653,thought-provoking,1525287118
567,1704,heartwarming,1525287326
567,1704,inspirational,1525287323
567,1921,artsy,1525287302
567,1921,atmospheric,1525287273
567,1921,cerebral,1525287286
567,1921,enigmatic,1525287289
567,1921,existentialism,1525287275
567,1921,hallucinatory,1525287271
567,1921,insanity,1525287293
567,1921,paranoia,1525287295
567,1921,paranoid,1525287277
567,1921,surreal,1525287281
567,1921,tense,1525287285
567,1921,visually appealing,1525287283
567,2138,atmospheric,1525283760
567,2138,beautiful,1525283752
567,3424,great cinematography,1525284096
567,3671,dark humor,1525283215
567,3671,easygoing,1525283227
567,3671,silly,1525283225
567,3676,art house,1525282858
567,3676,Atmospheric,1525282843
567,3676,creepy,1525282842
567,3676,cryptic,1525282831
567,3676,dark,1525282860
567,3676,disturbing,1525282840
567,3676,dreamlike,1525282845
567,3676,enigmatic,1525282838
567,3676,fucked up,1525282866
567,3676,gruesome,1525282863
567,3676,hallucinatory,1525282848
567,3676,Insane,1525282856
567,3676,paranoid,1525282868
567,3676,strange,1525282854
567,3676,surreal,1525282828
567,3676,weird,1525282851
567,3994,atmospheric,1525285498
567,3994,somber,1525285503
567,4226,cerebral,1525282541
567,4226,dreamlike,1525282545
567,4878,atmospheric,1525282581
567,4878,cerebral,1525282593
567,4878,dreamlike,1525282577
567,4878,enigmatic,1525282598
567,4878,hallucinatory,1525282590
567,4878,mental illness,1525282579
567,4878,mindfuck,1525282602
567,4878,philosophy,1525282583
567,4878,psychological,1525282595
567,4878,quirky,1525282588
567,4878,surreal,1525282571
567,4878,thought-provoking,1525282573
567,4878,weird,1525282585
567,5673,anger,1525282648
567,5673,awkward,1525282635
567,5673,bittersweet,1525282627
567,5673,hallucinatory,1525282650
567,5673,quirky,1525282629
567,5673,sad,1525282646
567,5673,surreal,1525282654
567,5673,symbolism,1525282652
567,5673,tense,1525282631
567,5673,unconventional,1525282616
567,5673,unique,1525282637
567,5673,wistful,1525282643
567,6377,heartwarming,1525286742
567,6669,meditative,1525286218
567,6669,philosophical,1525286214
567,6669,poignant,1525286220
567,6669,purposefulness,1525286216
567,7361,arthouse,1525282744
567,7361,artistic,1525282751
567,7361,atmospheric,1525282731
567,7361,beautiful,1525282670
567,7361,bittersweet,1525282677
567,7361,colourful,1525282696
567,7361,comedy,1525282701
567,7361,dreamlike,1525282681
567,7361,emotional,1525282667
567,7361,feel-good,1525282786
567,7361,happpiness,1525282735
567,7361,humane,1525282811
567,7361,insightful,1525282724
567,7361,intelligent,1525282746
567,7361,lovely,1525282737
567,7361,melancholy,1525282692
567,7361,mind-bending,1525282728
567,7361,philosophy,1525282673
567,7361,quirky,1525282687
567,7361,quirky romantic,1525282715
567,7361,romantic,1525282694
567,7361,surreal,1525282704
567,7361,surrealism,1525282683
567,7361,thought-provoking,1525282689
567,26717,boring,1525285892
567,26717,psychedelic,1525285894
567,26717,symbolic,1525285896
567,45880,cinematography,1525287347
567,45880,lyrical,1525287351
567,50872,clever,1525283885
567,50872,inspirational,1525283888
567,56782,atmospheric,1525283248
567,56782,cerebral,1525283239
567,56782,character study,1525283288
567,56782,gritty,1525283242
567,56782,intense,1525283245
567,56782,long shots,1525283253
567,56782,morality,1525283268
567,56782,visually appealing,1525283236
567,63062,emotional,1525286194
567,68954,bittersweet,1525286758
567,68954,emotional,1525286759
567,68954,heartbreaking,1525286755
567,68954,touching,1525286762
567,71899,bittersweet,1525283044
567,71899,black comedy,1525283050
567,71899,character study,1525283036
567,71899,dark comedy,1525283033
567,71899,friendship,1525283029
567,71899,loneliness,1525283039
567,71899,mental illness,1525283031
567,71899,philosophical,1525283034
567,71899,poignant,1525283043
567,71899,quirky,1525283048
567,71899,sad,1525283041
567,71899,sweet,1525283052
567,71899,touching,1525283027
567,79132,cerebral,1525287390
567,79132,dreamlike,1525287383
567,79132,philosophy,1525287385
567,79132,thought-provoking,1525287380
567,94959,quirky,1525286360
567,95558,Beautiful,1525287504
567,95558,emotional,1525287499
567,95558,poetic,1525287506
567,96079,beautiful cinematography,1525287362
567,96079,beautifully filmed,1525287364
567,96079,cinematography,1525287366
567,99764,moving,1525282453
567,99764,philosopical,1525282451
567,99764,surreal,1525282456
567,99764,weird,1525282455
567,99917,artistic,1525286643
567,99917,artsy,1525286654
567,99917,atmospheric,1525286652
567,99917,Beautiful,1525286645
567,99917,dreamlike,1525286649
567,99917,existentialism,1525286647
567,104944,emotional,1525285982
567,104944,feel-good,1525285975
567,104944,heartwarming,1525285984
567,104944,mental illness,1525285990
567,104944,touching,1525285973
567,105504,suspense,1525286930
567,105504,tense,1525286932
567,106766,atmospheric,1525283920
567,106766,cinematography,1525283924
567,106766,depressing,1525283919
567,106766,funny,1525283917
567,107406,fatalistic,1525286785
567,108932,cheeky,1525283702
567,108932,clever,1525283675
567,108932,colorful,1525283676
567,108932,feel-good,1525283700
567,108932,fun,1525283672
567,108932,imaginative,1525283681
567,108932,quirky,1525283678
567,109487,bad dialogue,1525287562
567,109487,philosophical issues,1525287571
567,109487,thought-provoking,1525287567
567,109487,visually appealing,1525287559
567,112421,adorable,1525283433
567,112421,black comedy,1525283421
567,112421,Eccentric,1525283427
567,112421,introspection,1525283425
567,112421,mental illness,1525283417
567,112421,quirky,1525283419
567,112552,inspirational,1525286276
567,112552,inspiring,1525286278
567,112552,intense,1525286274
567,112852,funny,1525285382
567,112852,Great Visuals,1525285333
567,112852,humorous,1525285336
567,112852,unlikely hero,1525285378
567,116797,inspirational,1525286868
567,116797,intelligent,1525286865
567,117887,heartwarming,1525285938
567,119145,slick,1525286728
567,122882,beautiful,1525283844
567,122882,cinematography,1525283853
567,122882,visually appealing,1525283836
567,122916,awesome,1525285267
567,122916,humor,1525285285
567,122916,quirky,1525285291
567,122916,unconventional,1525285265
567,122916,white guilt,1525285281
567,122922,visually appealing,1525287157
567,127298,depressing,1525286249
567,127298,understated,1525286256
567,134130,smart,1525287677
567,138036,slick,1525287196
567,138036,stylish,1525287190
567,139385,cinematography,1525287409
567,139385,visually appealing,1525287413
567,139385,Visually Striking,1525287426
567,139644,atmospheric,1525286568
567,139644,tension,1525286565
567,140174,moving,1525287480
567,140174,touching,1525287482
567,141890,Moving,1525286977
567,143367,contemplative,1525283159
567,143367,philosophical,1525283157
567,143367,thought-provoking,1525283155
567,143367,tragic,1525283168
567,152077,creepy,1525287447
567,152077,suspense,1525287443
567,153070,nightmare,1525282902
567,155288,suspense,1525286165
567,155288,thought-provoking,1525286163
567,156605,quirky,1525283453
567,156605,sweet,1525283455
567,156605,understated,1525283456
567,161634,intense,1525287241
567,164179,beautiful visuals,1525285690
567,164179,Cerebral,1525285686
567,164179,cinematography,1525285696
567,164179,good cinematography,1525285706
567,164179,smart,1525285699
567,164179,thought-provoking,1525285688
567,164179,visually appealing,1525285693
567,164909,Bittersweet,1525287656
567,164909,visually appealing,1525287658
567,167746,funny,1525285825
567,167746,heartwarming,1525285833
567,168252,dark,1525283942
567,168252,emotional,1525283946
567,168252,gritty,1525283940
567,168252,heartbreaking,1525283948
567,168252,predictible plot,1525283957
567,170945,paranoia,1525286504
567,170945,Suspenseful,1525286501
567,174055,brilliant,1525285239
567,174055,inspiring,1525285236
567,174055,tense,1525285229
567,176371,atmospheric,1525283076
567,176371,beautiful,1525283078
567,176371,cinematography,1525283075
567,176371,dark,1525283093
567,176371,dreamlike,1525283084
567,176371,existentialism,1525283080
567,176371,moody,1525283086
567,176371,philosophical,1525283089
567,180031,atmospheric,1525284150
567,180031,dreamlike,1525284163
567,180985,bad music,1525285320
573,413,Comedy,1186588856
573,540,bad,1186588897
573,707,bad,1186588902
573,836,seen at the cinema,1186588944
573,1441,Not Seen,1186588856
573,1779,good,1186588894
573,2431,bad,1186588902
573,4015,bad,1186589039
573,4343,really bad,1186589079
573,4343,Seann William Scott,1186589079
573,4446,sci-fi,1186588886
573,5064,remake,1186589036
573,5254,Great movie,1186589125
573,5254,Wesley Snipes,1186589125
573,6157,bad,1186589133
573,6157,Ben Affleck,1186589133
573,6373,classic,1186588855
599,296,1990s,1498456537
599,296,achronological,1498456475
599,296,action,1498456356
599,296,action packed,1498456535
599,296,aggressive,1498456533
599,296,amazing,1498456678
599,296,amazing dialogues,1498456473
599,296,anthology,1498456531
599,296,assassin,1498456382
599,296,atmospheric,1498456376
599,296,AWESOME,1498456559
599,296,bad ass,1498456471
599,296,bad language,1498456469
599,296,bad-ass,1498456676
599,296,bible,1498456675
599,296,biblical references,1498456529
599,296,big boys with guns,1498456673
599,296,big name actors,1498456671
599,296,Black comedy,1498456350
599,296,black humor,1498456481
599,296,black humour,1498456670
599,296,blood,1498456448
599,296,blood splatters,1498456467
599,296,bloody,1498456431
599,296,bruce willis,1498456352
599,296,brutality,1498456543
599,296,casual violence,1498456669
599,296,character development,1498456527
599,296,characters,1498456466
599,296,classic,1498456360
599,296,classic movie,1498456667
599,296,coke,1498456666
599,296,comedy,1498456378
599,296,conversation,1498456524
599,296,cool,1498456405
599,296,cool style,1498456664
599,296,crime,1498456353
599,296,crime scene scrubbing,1498456663
599,296,cult,1498456391
599,296,cult classic,1498456522
599,296,cult film,1498456345
599,296,dance,1498456661
599,296,dancing,1498456464
599,296,dark,1498456404
599,296,dark comedy,1498456339
599,296,dark humor,1498456385
599,296,dialogue,1498456395
599,296,different,1498456660
599,296,diner,1498456658
599,296,disjointed timeline,1498456444
599,296,disturbing,1498456521
599,296,drama,1498456561
599,296,drug overdose,1498456656
599,296,drugs,1498456348
599,296,drugs & music,1498456655
599,296,ensemble cast,1498456419
599,296,entertaining,1498456519
599,296,entirely dialogue,1498456429
599,296,episodic,1498456517
599,296,exciting,1498456427
599,296,fast paced,1498456436
599,296,fast-paced,1498456515
599,296,film noir,1498456653
599,296,film-noir,1498456622
599,296,foul language,1498456686
599,296,fun,1498456421
599,296,funny,1498456383
599,296,gangster,1498456389
599,296,gangsters,1498456406
599,296,genius,1498456589
599,296,golden watch,1498456513
599,296,good dialogue,1498456372
599,296,good music,1498456396
599,296,gore,1498456511
599,296,great acting,1498456509
599,296,great dialogue,1498456402
599,296,great soundtrack,1498456380
599,296,gritty,1498456426
599,296,guns,1498456450
599,296,Harvey Keitel,1498456684
599,296,heroin,1498456483
599,296,Highly quotable,1498456400
599,296,hit men,1498456412
599,296,hitman,1498456505
599,296,homosexuality,1498456562
599,296,humour,1498456564
599,296,iconic,1498456488
599,296,imdb top 250,1498456388
599,296,innovative,1498456490
599,296,intellectual,1498456565
599,296,intelligent,1498456462
599,296,intense,1498456411
599,296,interesting,1498456541
599,296,intertwining storylines,1498456460
599,296,interwoven storylines,1498456567
599,296,ironic,1498456491
599,296,irony,1498456458
599,296,John Travolta,1498456374
599,296,killer-as-protagonist,1498456494
599,296,los angeles,1498456569
599,296,Mafia,1498456414
599,296,masterpiece,1498456371
599,296,meaningless violence,1498456571
599,296,milkshake,1498456572
599,296,mobster,1498456574
599,296,mobsters,1498456575
599,296,monologue,1498456577
599,296,motherfucker,1498456497
599,296,multiple stories,1498456498
599,296,multiple storylines,1498456343
599,296,neo-noir,1498456486
599,296,noir,1498456408
599,296,non-linear,1498456367
599,296,non-linear timeline,1498456578
599,296,nonlinear,1498456341
599,296,nonlinear narrative,1498456457
599,296,nonlinear storyline,1498456580
599,296,nonlinear timeline,1498456581
599,296,notable soundtrack,1498456393
599,296,offensive,1498456583
599,296,organised crime,1498456585
599,296,organized crime,1498456363
599,296,original,1498456479
599,296,original plot,1498456455
599,296,out of order,1498456586
599,296,Palme d'Or,1498456690
599,296,parody,1498456591
599,296,philosophical,1498456500
599,296,pop culture references,1498456478
599,296,psychological,1498456593
599,296,pulp,1498456484
599,296,Quentin Tarantino,1498456338
599,296,quirky,1498456364
599,296,Quotable,1498456446
599,296,r:disturbing violent content including rape,1498456502
599,296,r:disturbing violent images,1498456595
599,296,r:graphic sexuality,1498456597
599,296,r:some violence,1498456599
599,296,r:strong bloody violence,1498456601
599,296,r:strong language,1498456452
599,296,r:sustained strong stylized violence,1498456603
599,296,r:violence,1498456424
599,296,random,1498456503
599,296,rape,1498456417
599,296,retro,1498456442
599,296,Roger Avary,1498456682
599,296,royal with cheese,1498456610
599,296,Samuel L. Jackson,1498456342
599,296,sarcasm,1498456612
599,296,satire,1498456614
599,296,sexy,1498456615
599,296,smart writing,1498456617
599,296,sophisticated,1498456618
599,296,soundtrack,1498456439
599,296,splatter,1498456620
599,296,Steve Buscemi,1498456694
599,296,storytelling,1498456375
599,296,stylish,1498456398
599,296,stylized,1498456354
599,296,suspense,1498456680
599,296,Tarantino,1498456358
599,296,thought-provoking,1498456638
599,296,thriller,1498456415
599,296,travolta,1498456539
599,296,twist ending,1498456639
599,296,Uma Thurman,1498456370
599,296,unique,1498456641
599,296,unpredictable,1498456476
599,296,unusual,1498456642
599,296,very funny,1498456434
599,296,violence,1498456347
599,296,violent,1498456366
599,296,witty,1498456437
599,924,aliens,1498456783
599,924,apes,1498456822
599,924,Arthur C. Clarke,1498456786
599,924,artificial intelligence,1498456752
599,924,atmospheric,1498456757
599,924,cinematography,1498456766
599,924,classic,1498456774
599,924,computer,1498456793
599,924,confusing ending,1498456779
599,924,cult film,1498456771
599,924,Dull,1498456811
599,924,future,1498456770
599,924,futuristic,1498456776
599,924,imdb top 250,1498456804
599,924,masterpiece,1498456762
599,924,meditative,1498456768
599,924,music,1498456773
599,924,mystery,1498456802
599,924,Oscar (Best Effects - Visual Effects),1498456791
599,924,overrated,1498456813
599,924,philosophical,1498456759
599,924,relaxing,1498456798
599,924,revolutionary,1498456794
599,924,robots,1498456781
599,924,sci-fi,1498456751
599,924,setting:space/space ship,1498456796
599,924,slow,1498456765
599,924,slow paced,1498456806
599,924,soundtrack,1498456785
599,924,space,1498456756
599,924,space travel,1498456790
599,924,spacecraft,1498456788
599,924,Stanley Kubrick,1498456754
599,924,superb soundtrack,1498456825
599,924,surreal,1498456763
599,924,technology,1498456827
599,924,tedious,1498456814
599,924,visual,1498456799
599,924,visually appealing,1498456760
599,2959,action,1498456930
599,2959,atmospheric,1498456906
599,2959,based on a book,1498456916
599,2959,Brad Pitt,1498456893
599,2959,challenging,1498456963
599,2959,Chuck Palahniuk,1498456949
599,2959,classic,1498456925
599,2959,clever,1498456960
599,2959,complicated,1498456923
599,2959,consumerism,1498456965
599,2959,crime,1498456935
599,2959,dark,1498456928
599,2959,dark comedy,1498456891
599,2959,David Fincher,1498456926
599,2959,disturbing,1498456908
599,2959,double life,1498456958
599,2959,Edward Norton,1498456896
599,2959,fighting,1498456937
599,2959,great acting,1498456951
599,2959,helena bonham carter,1498456939
599,2959,imaginary friend,1498456945
599,2959,imdb top 250,1498456941
599,2959,mental illness,1498456903
599,2959,mind-blowing,1498456955
599,2959,mindfuck,1498456912
599,2959,narrated,1498456934
599,2959,Nudity (Topless),1498456962
599,2959,Palahnuik,1498456948
599,2959,philosophical,1498456911
599,2959,philosophy,1498456898
599,2959,postmodern,1498456954
599,2959,powerful ending,1498456921
599,2959,psychological,1498456909
599,2959,psychological thriller,1498456953
599,2959,psychology,1498456890
599,2959,quirky,1498456918
599,2959,satirical,1498456920
599,2959,schizophrenia,1498456967
599,2959,social commentary,1498456894
599,2959,societal criticism,1498456946
599,2959,stylized,1498456932
599,2959,surreal,1498456900
599,2959,TERRORISM,1498456966
599,2959,thought-provoking,1498456901
599,2959,twist,1498456943
599,2959,twist ending,1498456888
599,2959,violence,1498456904
599,2959,violent,1498456914
606,1357,music,1176765393
606,1948,British,1177512649
606,3578,Romans,1173212944
606,5694,70mm,1175638092
